BOL_Number,Contract_ID,Shipment_Date,Promised_SLA_Delivery_Date,Actual_Delivery_Date,WMS_Measured_Weight_KG,Gate_In_Port_Date,Gate_Out_Port_Date,Empty_Return_Date,Root_Cause_Delay
BOL202600001,CTR-1107,2026-01-14,2026-02-02,2026-02-02,19885.4,2026-01-11,2026-01-14,2026-01-19,NONE
BOL202600002,CTR-1024,2026-04-24,2026-05-22,2026-05-22,17072.7,2026-04-22,2026-04-27,2026-05-06,NONE
BOL202600003,CTR-1105,2026-01-30,2026-02-25,2026-02-25,14531.9,2026-01-27,2026-02-07,2026-02-15,NONE
BOL202600004,CTR-1018,2026-05-15,2026-06-08,2026-06-12,10876.5,2026-05-14,2026-05-20,2026-05-24,WEATHER
BOL202600005,CTR-1014,2026-02-05,2026-02-28,2026-02-28,11919.7,2026-02-03,2026-02-16,2026-02-23,NONE
BOL202600006,CTR-1064,2026-02-14,2026-03-05,2026-03-05,21258.7,2026-02-11,2026-02-21,2026-03-04,NONE
BOL202600007,CTR-1080,2026-04-01,2026-04-18,2026-04-18,21872.7,2026-03-30,2026-04-01,2026-04-09,NONE
BOL202600008,CTR-1081,2026-01-20,2026-02-14,2026-02-14,19174.4,2026-01-17,2026-01-29,2026-02-05,NONE
BOL202600009,CTR-1109,2026-03-16,2026-04-03,2026-04-03,25459.2,2026-03-15,2026-03-29,2026-04-08,NONE
BOL202600010,CTR-1005,2026-04-28,2026-05-24,2026-05-25,16970.8,2026-04-26,2026-05-06,2026-05-08,CARRIER_ERROR
BOL202600011,CTR-1095,2026-04-12,2026-05-06,2026-05-06,13545.2,2026-04-11,2026-04-14,2026-04-23,NONE
BOL202600012,CTR-1018,2026-01-30,2026-02-20,2026-02-20,15590.0,2026-01-27,2026-02-11,2026-02-22,NONE
BOL202600013,CTR-1004,2026-02-07,2026-03-01,2026-03-01,14095.5,2026-02-06,2026-02-17,2026-02-20,NONE
BOL202600014,CTR-1118,2026-01-20,2026-02-09,2026-02-09,20047.2,2026-01-18,2026-02-01,2026-02-11,NONE
BOL202600015,CTR-1104,2026-05-29,2026-06-27,2026-06-27,24112.8,2026-05-26,2026-06-07,2026-06-17,NONE
BOL202600016,CTR-1103,2026-03-24,2026-04-18,2026-04-18,11092.6,2026-03-22,2026-04-03,2026-04-08,NONE
BOL202600017,CTR-1105,2026-03-12,2026-03-28,2026-03-28,11187.1,2026-03-10,2026-03-19,2026-03-20,NONE
BOL202600018,CTR-1083,2026-01-15,2026-02-10,2026-02-10,11227.7,2026-01-14,2026-01-25,2026-02-04,NONE
BOL202600019,CTR-1065,2026-05-10,2026-06-06,2026-06-06,18869.1,2026-05-07,2026-05-23,2026-05-24,NONE
BOL202600020,CTR-1015,2026-04-26,2026-05-17,2026-05-17,17610.1,2026-04-25,2026-04-27,2026-05-05,NONE
BOL202600021,CTR-1054,2026-01-27,2026-02-21,2026-02-21,11349.3,2026-01-24,2026-01-28,2026-01-29,NONE
BOL202600022,CTR-1041,2026-03-05,2026-04-03,2026-04-03,18385.1,2026-03-02,2026-03-06,2026-03-12,NONE
BOL202600023,CTR-1048,2026-04-06,2026-04-30,2026-04-30,22391.4,2026-04-03,2026-04-14,2026-04-15,NONE
BOL202600024,CTR-1073,2026-03-27,2026-04-13,2026-04-13,18927.4,2026-03-25,2026-03-31,2026-04-05,NONE
BOL202600025,CTR-1079,2026-02-08,2026-03-05,2026-03-07,14963.7,2026-02-05,2026-02-18,2026-03-01,CUSTOMS_HOLD
BOL202600026,CTR-1108,2026-04-11,2026-04-30,2026-04-30,25008.0,2026-04-09,2026-04-19,2026-04-26,NONE
BOL202600027,CTR-1046,2026-03-26,2026-04-14,2026-04-14,23263.3,2026-03-23,2026-04-04,2026-04-13,NONE
BOL202600028,CTR-1048,2026-01-24,2026-02-21,2026-02-21,10291.7,2026-01-22,2026-01-26,2026-01-30,NONE
BOL202600029,CTR-1042,2026-03-29,2026-04-28,2026-04-28,25999.6,2026-03-28,2026-03-31,2026-04-05,NONE
BOL202600030,CTR-1103,2026-01-26,2026-02-11,2026-02-11,24022.3,2026-01-23,2026-01-27,2026-02-06,NONE
BOL202600031,CTR-1118,2026-04-07,2026-04-26,2026-04-26,23301.5,2026-04-04,2026-04-18,2026-04-21,NONE
BOL202600032,CTR-1111,2026-04-23,2026-05-09,2026-05-09,20821.8,2026-04-22,2026-05-01,2026-05-11,NONE
BOL202600033,CTR-1041,2026-03-14,2026-04-12,2026-04-12,13826.7,2026-03-12,2026-03-28,2026-04-01,NONE
BOL202600034,CTR-1081,2026-04-05,2026-05-04,2026-05-04,14508.3,2026-04-03,2026-04-13,2026-04-22,NONE
BOL202600035,CTR-1042,2026-04-18,2026-05-08,2026-05-08,22820.1,2026-04-17,2026-05-02,2026-05-07,NONE
BOL202600036,CTR-1038,2026-01-14,2026-02-13,2026-02-13,18872.7,2026-01-13,2026-01-26,2026-02-04,NONE
BOL202600037,CTR-1066,2026-02-01,2026-02-25,2026-02-27,17189.1,2026-01-29,2026-02-02,2026-02-09,CUSTOMS_HOLD
BOL202600038,CTR-1130,2026-01-24,2026-02-15,2026-02-15,24154.1,2026-01-23,2026-01-31,2026-02-01,NONE
BOL202600039,CTR-1140,2026-04-12,2026-05-08,2026-05-08,25912.4,2026-04-10,2026-04-15,2026-04-16,NONE
BOL202600040,CTR-1028,2026-03-23,2026-04-10,2026-04-10,20399.4,2026-03-22,2026-03-26,2026-03-27,NONE
BOL202600041,CTR-1011,2026-03-15,2026-04-14,2026-04-14,12220.7,2026-03-12,2026-03-21,2026-03-29,NONE
BOL202600042,CTR-1001,2026-01-02,2026-01-19,2026-01-21,18780.9,2025-12-30,2026-01-10,2026-01-19,CARRIER_ERROR
BOL202600043,CTR-1041,2026-04-19,2026-05-07,2026-05-07,13802.2,2026-04-18,2026-04-20,2026-04-24,NONE
BOL202600044,CTR-1025,2026-04-18,2026-05-17,2026-05-21,18576.9,2026-04-15,2026-04-25,2026-05-05,WEATHER
BOL202600045,CTR-1065,2026-03-03,2026-03-22,2026-03-22,10025.0,2026-03-01,2026-03-06,2026-03-16,NONE
BOL202600046,CTR-1129,2026-04-17,2026-05-07,2026-05-07,11369.8,2026-04-15,2026-04-18,2026-04-27,NONE
BOL202600047,CTR-1141,2026-05-20,2026-06-04,2026-06-04,17522.2,2026-05-17,2026-05-25,2026-05-31,NONE
BOL202600048,CTR-1085,2026-03-06,2026-03-21,2026-03-21,11081.0,2026-03-05,2026-03-18,2026-03-29,NONE
BOL202600049,CTR-1061,2026-01-27,2026-02-21,2026-02-21,15636.8,2026-01-25,2026-02-09,2026-02-20,NONE
BOL202600050,CTR-1124,2026-02-14,2026-03-15,2026-03-15,17656.5,2026-02-13,2026-02-27,2026-03-02,NONE
BOL202600051,CTR-1131,2026-01-17,2026-02-15,2026-02-17,22657.7,2026-01-16,2026-01-23,2026-01-28,CARRIER_ERROR
BOL202600052,CTR-1135,2026-05-12,2026-06-08,2026-06-08,18688.5,2026-05-10,2026-05-12,2026-05-23,NONE
BOL202600053,CTR-1015,2026-02-18,2026-03-14,2026-03-14,22493.5,2026-02-15,2026-02-22,2026-02-27,NONE
BOL202600054,CTR-1006,2026-02-01,2026-02-27,2026-02-27,16400.3,2026-01-30,2026-02-15,2026-02-22,NONE
BOL202600055,CTR-1084,2026-03-28,2026-04-17,2026-04-17,17960.4,2026-03-25,2026-03-31,2026-04-02,NONE
BOL202600056,CTR-1012,2026-04-19,2026-05-06,2026-05-06,25921.6,2026-04-18,2026-04-28,2026-05-03,NONE
BOL202600057,CTR-1003,2026-03-24,2026-04-11,2026-04-14,17134.7,2026-03-21,2026-03-29,2026-04-01,CUSTOMS_HOLD
BOL202600058,CTR-1037,2026-04-24,2026-05-20,2026-05-20,21629.0,2026-04-22,2026-05-03,2026-05-10,NONE
BOL202600059,CTR-1115,2026-03-12,2026-03-28,2026-04-01,18209.4,2026-03-09,2026-03-21,2026-03-24,CUSTOMS_HOLD
BOL202600060,CTR-1076,2026-01-08,2026-01-27,2026-01-27,20849.4,2026-01-06,2026-01-08,2026-01-11,NONE
BOL202600061,CTR-1112,2026-01-18,2026-02-09,2026-02-09,15861.3,2026-01-16,2026-01-27,2026-01-28,NONE
BOL202600062,CTR-1063,2026-02-09,2026-03-10,2026-03-10,15952.2,2026-02-08,2026-02-19,2026-02-22,NONE
BOL202600063,CTR-1015,2026-05-16,2026-06-11,2026-06-11,20393.0,2026-05-15,2026-05-18,2026-05-19,NONE
BOL202600064,CTR-1109,2026-02-17,2026-03-19,2026-03-19,24616.7,2026-02-16,2026-02-22,2026-02-27,NONE
BOL202600065,CTR-1097,2026-04-25,2026-05-16,2026-05-16,14569.2,2026-04-23,2026-04-28,2026-04-30,NONE
BOL202600066,CTR-1027,2026-02-04,2026-02-21,2026-02-21,24378.9,2026-02-02,2026-02-05,2026-02-16,NONE
BOL202600067,CTR-1010,2026-03-23,2026-04-18,2026-04-18,18800.0,2026-03-21,2026-04-06,2026-04-11,NONE
BOL202600068,CTR-1060,2026-02-10,2026-03-02,2026-03-02,18140.1,2026-02-09,2026-02-14,2026-02-17,NONE
BOL202600069,CTR-1003,2026-03-02,2026-04-01,2026-04-06,15902.6,2026-02-27,2026-03-03,2026-03-13,WEATHER
BOL202600070,CTR-1134,2026-01-23,2026-02-09,2026-02-09,25993.5,2026-01-20,2026-01-29,2026-02-07,NONE
BOL202600071,CTR-1075,2026-04-16,2026-05-14,2026-05-14,11180.0,2026-04-14,2026-04-26,2026-04-28,NONE
BOL202600072,CTR-1122,2026-04-26,2026-05-25,2026-05-25,15512.2,2026-04-23,2026-05-05,2026-05-15,NONE
BOL202600073,CTR-1140,2026-02-16,2026-03-07,2026-03-07,24571.4,2026-02-15,2026-03-02,2026-03-04,NONE
BOL202600074,CTR-1095,2026-05-13,2026-06-01,2026-06-01,12591.5,2026-05-10,2026-05-15,2026-05-21,NONE
BOL202600075,CTR-1135,2026-05-13,2026-06-06,2026-06-06,14009.7,2026-05-10,2026-05-20,2026-05-25,NONE
BOL202600076,CTR-1042,2026-02-02,2026-02-26,2026-02-26,11494.9,2026-01-30,2026-02-03,2026-02-13,NONE
BOL202600077,CTR-1137,2026-05-29,2026-06-17,2026-06-17,19991.7,2026-05-26,2026-06-02,2026-06-12,NONE
BOL202600078,CTR-1140,2026-01-11,2026-01-26,2026-01-31,20418.1,2026-01-08,2026-01-16,2026-01-26,CUSTOMS_HOLD
BOL202600079,CTR-1137,2026-01-08,2026-02-07,2026-02-07,18729.2,2026-01-05,2026-01-11,2026-01-19,NONE
BOL202600080,CTR-1114,2026-03-04,2026-03-31,2026-03-31,11167.6,2026-03-03,2026-03-07,2026-03-15,NONE
BOL202600081,CTR-1012,2026-04-17,2026-05-17,2026-05-17,15443.1,2026-04-16,2026-04-23,2026-05-05,NONE
BOL202600082,CTR-1072,2026-03-23,2026-04-18,2026-04-18,12092.3,2026-03-21,2026-03-31,2026-04-09,NONE
BOL202600083,CTR-1143,2026-01-28,2026-02-22,2026-02-22,11960.4,2026-01-26,2026-01-31,2026-02-03,NONE
BOL202600084,CTR-1136,2026-01-25,2026-02-10,2026-02-10,16146.4,2026-01-22,2026-01-30,2026-02-03,NONE
BOL202600085,CTR-1035,2026-02-10,2026-03-07,2026-03-07,21538.1,2026-02-09,2026-02-23,2026-02-26,NONE
BOL202600086,CTR-1095,2026-05-08,2026-06-06,2026-06-06,14936.6,2026-05-07,2026-05-10,2026-05-17,NONE
BOL202600087,CTR-1106,2026-05-10,2026-06-08,2026-06-08,13442.3,2026-05-08,2026-05-10,2026-05-11,NONE
BOL202600088,CTR-1004,2026-03-14,2026-04-13,2026-04-13,23485.6,2026-03-11,2026-03-20,2026-03-25,NONE
BOL202600089,CTR-1080,2026-05-18,2026-06-02,2026-06-02,16894.8,2026-05-16,2026-05-29,2026-06-04,NONE
BOL202600090,CTR-1051,2026-04-14,2026-05-10,2026-05-11,18989.1,2026-04-12,2026-04-22,2026-04-27,WEATHER
BOL202600091,CTR-1137,2026-01-19,2026-02-15,2026-02-15,22230.5,2026-01-17,2026-02-01,2026-02-11,NONE
BOL202600092,CTR-1103,2026-01-31,2026-02-19,2026-02-19,16302.5,2026-01-29,2026-02-08,2026-02-14,NONE
BOL202600093,CTR-1136,2026-02-06,2026-02-27,2026-02-27,16422.2,2026-02-05,2026-02-07,2026-02-08,NONE
BOL202600094,CTR-1055,2026-02-05,2026-03-02,2026-03-02,18309.3,2026-02-04,2026-02-15,2026-02-24,NONE
BOL202600095,CTR-1095,2026-02-05,2026-03-02,2026-03-02,15096.5,2026-02-03,2026-02-14,2026-02-26,NONE
BOL202600096,CTR-1093,2026-03-18,2026-04-12,2026-04-12,18155.4,2026-03-16,2026-03-29,2026-04-08,NONE
BOL202600097,CTR-1024,2026-03-18,2026-04-17,2026-04-17,15893.7,2026-03-15,2026-03-18,2026-03-25,NONE
BOL202600098,CTR-1118,2026-05-30,2026-06-23,2026-06-23,21605.2,2026-05-27,2026-06-08,2026-06-09,NONE
BOL202600099,CTR-1071,2026-05-02,2026-05-25,2026-05-25,22526.5,2026-04-29,2026-05-10,2026-05-14,NONE
BOL202600100,CTR-1141,2026-01-14,2026-02-13,2026-02-13,20064.4,2026-01-11,2026-01-25,2026-02-01,NONE
BOL202600101,CTR-1073,2026-02-07,2026-03-01,2026-03-02,10303.0,2026-02-05,2026-02-13,2026-02-16,CARRIER_ERROR
BOL202600102,CTR-1096,2026-04-16,2026-05-07,2026-05-07,22399.6,2026-04-14,2026-04-29,2026-05-11,NONE
BOL202600103,CTR-1129,2026-01-16,2026-02-04,2026-02-04,18974.2,2026-01-13,2026-01-22,2026-01-31,NONE
BOL202600104,CTR-1107,2026-04-07,2026-05-02,2026-05-02,17354.6,2026-04-04,2026-04-11,2026-04-20,NONE
BOL202600105,CTR-1009,2026-04-01,2026-04-24,2026-04-24,13076.2,2026-03-31,2026-04-06,2026-04-15,NONE
BOL202600106,CTR-1028,2026-03-18,2026-04-09,2026-04-09,25716.2,2026-03-16,2026-03-29,2026-04-02,NONE
BOL202600107,CTR-1107,2026-05-06,2026-05-31,2026-05-31,18967.8,2026-05-03,2026-05-09,2026-05-14,NONE
BOL202600108,CTR-1025,2026-02-01,2026-02-28,2026-02-28,16312.5,2026-01-30,2026-02-13,2026-02-16,NONE
BOL202600109,CTR-1120,2026-03-16,2026-04-01,2026-04-01,21426.3,2026-03-14,2026-03-30,2026-04-07,NONE
BOL202600110,CTR-1121,2026-03-07,2026-04-06,2026-04-06,23247.2,2026-03-05,2026-03-21,2026-03-30,NONE
BOL202600111,CTR-1041,2026-03-11,2026-03-30,2026-03-30,21854.3,2026-03-10,2026-03-15,2026-03-16,NONE
BOL202600112,CTR-1057,2026-05-16,2026-06-07,2026-06-07,10839.9,2026-05-14,2026-05-21,2026-06-02,NONE
BOL202600113,CTR-1093,2026-05-01,2026-05-19,2026-05-19,12199.5,2026-04-28,2026-05-14,2026-05-17,NONE
BOL202600114,CTR-1028,2026-04-15,2026-05-15,2026-05-15,13191.3,2026-04-13,2026-04-20,2026-04-25,NONE
BOL202600115,CTR-1046,2026-01-16,2026-02-02,2026-02-02,13715.5,2026-01-13,2026-01-26,2026-01-27,NONE
BOL202600116,CTR-1031,2026-02-14,2026-03-14,2026-03-14,12812.6,2026-02-13,2026-02-28,2026-03-07,NONE
BOL202600117,CTR-1065,2026-05-07,2026-05-27,2026-05-27,25394.1,2026-05-05,2026-05-21,2026-05-22,NONE
BOL202600118,CTR-1112,2026-01-03,2026-01-27,2026-01-27,11716.8,2026-01-01,2026-01-07,2026-01-15,NONE
BOL202600119,CTR-1138,2026-05-20,2026-06-19,2026-06-19,12147.2,2026-05-17,2026-05-26,2026-05-31,NONE
BOL202600120,CTR-1124,2026-02-19,2026-03-09,2026-03-09,21697.9,2026-02-16,2026-02-22,2026-03-06,NONE
BOL202600121,CTR-1110,2026-02-17,2026-03-04,2026-03-04,22652.3,2026-02-14,2026-02-26,2026-03-02,NONE
BOL202600122,CTR-1056,2026-02-14,2026-03-13,2026-03-13,18244.5,2026-02-13,2026-02-21,2026-03-04,NONE
BOL202600123,CTR-1009,2026-01-25,2026-02-14,2026-02-14,17639.3,2026-01-24,2026-01-26,2026-01-31,NONE
BOL202600124,CTR-1050,2026-04-09,2026-05-01,2026-05-01,14271.9,2026-04-07,2026-04-13,2026-04-23,NONE
BOL202600125,CTR-1087,2026-05-27,2026-06-11,2026-06-11,15752.8,2026-05-26,2026-05-28,2026-06-08,NONE
BOL202600126,CTR-1015,2026-01-31,2026-03-01,2026-03-01,16486.7,2026-01-28,2026-02-13,2026-02-25,NONE
BOL202600127,CTR-1102,2026-03-21,2026-04-08,2026-04-08,25050.2,2026-03-19,2026-03-30,2026-04-03,NONE
BOL202600128,CTR-1102,2026-02-26,2026-03-17,2026-03-17,17279.7,2026-02-23,2026-03-02,2026-03-09,NONE
BOL202600129,CTR-1008,2026-05-21,2026-06-20,2026-06-20,22831.9,2026-05-20,2026-06-03,2026-06-07,NONE
BOL202600130,CTR-1047,2026-01-21,2026-02-19,2026-02-19,15788.6,2026-01-18,2026-01-21,2026-01-22,NONE
BOL202600131,CTR-1046,2026-05-21,2026-06-11,2026-06-11,12397.6,2026-05-19,2026-06-03,2026-06-12,NONE
BOL202600132,CTR-1005,2026-04-24,2026-05-12,2026-05-12,21470.7,2026-04-22,2026-04-25,2026-05-04,NONE
BOL202600133,CTR-1087,2026-04-25,2026-05-11,2026-05-11,18212.0,2026-04-23,2026-05-04,2026-05-05,NONE
BOL202600134,CTR-1005,2026-05-24,2026-06-22,2026-06-22,14930.7,2026-05-23,2026-05-31,2026-06-05,NONE
BOL202600135,CTR-1050,2026-01-01,2026-01-22,2026-01-22,10724.6,2025-12-30,2026-01-12,2026-01-14,NONE
BOL202600136,CTR-1118,2026-05-19,2026-06-04,2026-06-04,11104.3,2026-05-17,2026-05-19,2026-05-24,NONE
BOL202600137,CTR-1091,2026-04-15,2026-05-05,2026-05-05,22253.2,2026-04-12,2026-04-24,2026-05-01,NONE
BOL202600138,CTR-1021,2026-04-06,2026-05-03,2026-05-03,24673.8,2026-04-04,2026-04-12,2026-04-14,NONE
BOL202600139,CTR-1098,2026-05-19,2026-06-07,2026-06-07,15564.3,2026-05-18,2026-05-28,2026-06-04,NONE
BOL202600140,CTR-1081,2026-05-16,2026-06-04,2026-06-04,13563.0,2026-05-15,2026-05-29,2026-05-30,NONE
BOL202600141,CTR-1136,2026-03-18,2026-04-16,2026-04-16,18711.1,2026-03-15,2026-03-23,2026-03-27,NONE
BOL202600142,CTR-1086,2026-03-05,2026-04-03,2026-04-03,14410.4,2026-03-02,2026-03-16,2026-03-18,NONE
BOL202600143,CTR-1005,2026-01-09,2026-02-06,2026-02-06,24979.8,2026-01-08,2026-01-13,2026-01-17,NONE
BOL202600144,CTR-1067,2026-01-18,2026-02-05,2026-02-05,17143.1,2026-01-15,2026-01-28,2026-01-29,NONE
BOL202600145,CTR-1065,2026-03-04,2026-03-20,2026-03-20,13749.4,2026-03-03,2026-03-17,2026-03-18,NONE
BOL202600146,CTR-1025,2026-02-05,2026-03-01,2026-03-01,24662.4,2026-02-02,2026-02-09,2026-02-19,NONE
BOL202600147,CTR-1060,2026-03-24,2026-04-15,2026-04-15,12292.2,2026-03-21,2026-03-31,2026-04-04,NONE
BOL202600148,CTR-1015,2026-04-16,2026-05-10,2026-05-10,18907.5,2026-04-13,2026-04-29,2026-05-11,NONE
BOL202600149,CTR-1130,2026-02-14,2026-03-14,2026-03-14,10750.1,2026-02-12,2026-02-24,2026-03-07,NONE
BOL202600150,CTR-1110,2026-04-08,2026-05-03,2026-05-03,16532.1,2026-04-06,2026-04-14,2026-04-17,NONE
BOL202600151,CTR-1136,2026-05-18,2026-06-17,2026-06-17,13605.5,2026-05-15,2026-05-19,2026-05-27,NONE
BOL202600152,CTR-1088,2026-01-15,2026-02-12,2026-02-12,18916.6,2026-01-14,2026-01-22,2026-01-26,NONE
BOL202600153,CTR-1026,2026-03-07,2026-03-28,2026-03-28,11265.1,2026-03-05,2026-03-20,2026-03-26,NONE
BOL202600154,CTR-1048,2026-01-24,2026-02-14,2026-02-18,19679.5,2026-01-23,2026-02-07,2026-02-09,WEATHER
BOL202600155,CTR-1110,2026-02-18,2026-03-11,2026-03-11,23911.6,2026-02-16,2026-02-22,2026-02-23,NONE
BOL202600156,CTR-1116,2026-02-24,2026-03-17,2026-03-17,11877.1,2026-02-22,2026-03-10,2026-03-14,NONE
BOL202600157,CTR-1041,2026-02-22,2026-03-21,2026-03-21,18833.3,2026-02-20,2026-02-28,2026-03-08,NONE
BOL202600158,CTR-1094,2026-05-17,2026-06-12,2026-06-12,15754.3,2026-05-15,2026-05-24,2026-05-26,NONE
BOL202600159,CTR-1005,2026-05-01,2026-05-26,2026-05-26,15931.3,2026-04-29,2026-05-01,2026-05-11,NONE
BOL202600160,CTR-1125,2026-02-26,2026-03-17,2026-03-22,19266.3,2026-02-24,2026-03-02,2026-03-05,WEATHER
BOL202600161,CTR-1033,2026-02-20,2026-03-17,2026-03-17,19116.6,2026-02-19,2026-02-28,2026-03-09,NONE
BOL202600162,CTR-1028,2026-03-28,2026-04-20,2026-04-20,17817.9,2026-03-25,2026-04-06,2026-04-18,NONE
BOL202600163,CTR-1078,2026-05-06,2026-06-04,2026-06-04,22719.6,2026-05-05,2026-05-09,2026-05-21,NONE
BOL202600164,CTR-1100,2026-05-20,2026-06-19,2026-06-19,24229.8,2026-05-17,2026-05-19,2026-05-28,NONE
BOL202600165,CTR-1100,2026-01-09,2026-01-26,2026-01-26,20691.4,2026-01-08,2026-01-16,2026-01-19,NONE
BOL202600166,CTR-1122,2026-03-01,2026-03-18,2026-03-18,10146.3,2026-02-26,2026-03-07,2026-03-13,NONE
BOL202600167,CTR-1022,2026-01-16,2026-02-15,2026-02-15,10251.7,2026-01-13,2026-01-23,2026-01-30,NONE
BOL202600168,CTR-1118,2026-01-04,2026-01-19,2026-01-19,14395.9,2026-01-02,2026-01-04,2026-01-13,NONE
BOL202600169,CTR-1074,2026-04-21,2026-05-11,2026-05-11,11541.0,2026-04-20,2026-04-25,2026-04-29,NONE
BOL202600170,CTR-1028,2026-05-15,2026-06-07,2026-06-07,14277.2,2026-05-13,2026-05-16,2026-05-22,NONE
BOL202600171,CTR-1029,2026-04-14,2026-05-13,2026-05-13,25843.7,2026-04-13,2026-04-19,2026-04-30,NONE
BOL202600172,CTR-1048,2026-01-21,2026-02-06,2026-02-10,18843.2,2026-01-20,2026-02-01,2026-02-02,CUSTOMS_HOLD
BOL202600173,CTR-1052,2026-02-13,2026-03-02,2026-03-02,16942.6,2026-02-11,2026-02-22,2026-02-24,NONE
BOL202600174,CTR-1127,2026-05-16,2026-06-01,2026-06-01,24420.4,2026-05-13,2026-05-29,2026-06-08,NONE
BOL202600175,CTR-1015,2026-05-02,2026-05-25,2026-05-26,24809.4,2026-04-29,2026-05-10,2026-05-21,WEATHER
BOL202600176,CTR-1043,2026-01-09,2026-01-29,2026-01-29,15031.8,2026-01-08,2026-01-19,2026-01-22,NONE
BOL202600177,CTR-1017,2026-04-12,2026-04-29,2026-04-29,19023.3,2026-04-09,2026-04-24,2026-05-01,NONE
BOL202600178,CTR-1025,2026-05-19,2026-06-13,2026-06-13,21835.9,2026-05-16,2026-05-29,2026-05-31,NONE
BOL202600179,CTR-1104,2026-05-09,2026-06-04,2026-06-08,23418.8,2026-05-07,2026-05-18,2026-05-28,CARRIER_ERROR
BOL202600180,CTR-1032,2026-04-12,2026-05-07,2026-05-10,17849.7,2026-04-10,2026-04-20,2026-04-27,CUSTOMS_HOLD
BOL202600181,CTR-1117,2026-04-21,2026-05-11,2026-05-11,20570.8,2026-04-20,2026-05-04,2026-05-14,NONE
BOL202600182,CTR-1071,2026-03-17,2026-04-08,2026-04-08,11312.6,2026-03-16,2026-03-24,2026-04-05,NONE
BOL202600183,CTR-1057,2026-02-09,2026-03-08,2026-03-08,11704.8,2026-02-08,2026-02-14,2026-02-22,NONE
BOL202600184,CTR-1007,2026-04-03,2026-04-26,2026-04-26,11396.8,2026-04-01,2026-04-10,2026-04-19,NONE
BOL202600185,CTR-1071,2026-05-23,2026-06-20,2026-06-20,11433.9,2026-05-20,2026-05-23,2026-06-02,NONE
BOL202600186,CTR-1031,2026-03-25,2026-04-21,2026-04-25,22466.7,2026-03-22,2026-04-07,2026-04-16,CUSTOMS_HOLD
BOL202600187,CTR-1131,2026-03-04,2026-03-24,2026-03-24,12712.0,2026-03-02,2026-03-08,2026-03-13,NONE
BOL202600188,CTR-1138,2026-05-07,2026-05-26,2026-05-30,16737.6,2026-05-05,2026-05-19,2026-05-21,CUSTOMS_HOLD
BOL202600189,CTR-1071,2026-04-03,2026-04-26,2026-04-26,21534.4,2026-04-01,2026-04-12,2026-04-22,NONE
BOL202600190,CTR-1116,2026-02-20,2026-03-21,2026-03-21,14874.5,2026-02-18,2026-02-25,2026-03-07,NONE
BOL202600191,CTR-1006,2026-04-08,2026-05-03,2026-05-03,16889.9,2026-04-05,2026-04-16,2026-04-19,NONE
BOL202600192,CTR-1097,2026-03-18,2026-04-12,2026-04-12,21124.7,2026-03-16,2026-03-23,2026-03-26,NONE
BOL202600193,CTR-1095,2026-04-12,2026-05-07,2026-05-07,21119.3,2026-04-10,2026-04-21,2026-04-25,NONE
BOL202600194,CTR-1057,2026-03-25,2026-04-21,2026-04-21,22573.9,2026-03-23,2026-03-26,2026-04-05,NONE
BOL202600195,CTR-1043,2026-02-21,2026-03-13,2026-03-13,18801.6,2026-02-18,2026-02-27,2026-03-11,NONE
BOL202600196,CTR-1101,2026-02-23,2026-03-24,2026-03-24,23300.5,2026-02-22,2026-03-09,2026-03-16,NONE
BOL202600197,CTR-1067,2026-05-08,2026-05-27,2026-05-27,13872.3,2026-05-05,2026-05-09,2026-05-21,NONE
BOL202600198,CTR-1060,2026-04-19,2026-05-16,2026-05-21,19315.9,2026-04-16,2026-04-26,2026-05-08,CUSTOMS_HOLD
BOL202600199,CTR-1080,2026-04-18,2026-05-04,2026-05-04,15752.5,2026-04-15,2026-04-26,2026-05-07,NONE
BOL202600200,CTR-1122,2026-01-22,2026-02-09,2026-02-09,20521.6,2026-01-20,2026-01-24,2026-02-04,NONE
BOL202600201,CTR-1020,2026-01-12,2026-02-08,2026-02-08,15305.5,2026-01-10,2026-01-13,2026-01-14,NONE
BOL202600202,CTR-1064,2026-01-26,2026-02-18,2026-02-18,21949.6,2026-01-23,2026-02-03,2026-02-15,NONE
BOL202600203,CTR-1028,2026-05-28,2026-06-19,2026-06-19,16258.1,2026-05-25,2026-06-05,2026-06-17,NONE
BOL202600204,CTR-1086,2026-05-09,2026-05-28,2026-05-28,10393.0,2026-05-08,2026-05-14,2026-05-21,NONE
BOL202600205,CTR-1046,2026-01-22,2026-02-09,2026-02-09,21682.4,2026-01-20,2026-01-26,2026-02-01,NONE
BOL202600206,CTR-1054,2026-04-27,2026-05-18,2026-05-18,15572.8,2026-04-26,2026-05-05,2026-05-17,NONE
BOL202600207,CTR-1011,2026-04-26,2026-05-21,2026-05-22,11841.4,2026-04-24,2026-05-06,2026-05-08,WEATHER
BOL202600208,CTR-1001,2026-02-12,2026-03-06,2026-03-06,18830.6,2026-02-10,2026-02-20,2026-02-27,NONE
BOL202600209,CTR-1126,2026-04-29,2026-05-21,2026-05-21,20076.2,2026-04-28,2026-05-10,2026-05-21,NONE
BOL202600210,CTR-1092,2026-04-21,2026-05-18,2026-05-23,17193.2,2026-04-19,2026-04-27,2026-04-28,CARRIER_ERROR
BOL202600211,CTR-1027,2026-02-24,2026-03-17,2026-03-17,21260.2,2026-02-23,2026-03-06,2026-03-08,NONE
BOL202600212,CTR-1127,2026-05-18,2026-06-07,2026-06-07,13153.2,2026-05-17,2026-05-23,2026-06-03,NONE
BOL202600213,CTR-1107,2026-05-06,2026-05-31,2026-05-31,19780.9,2026-05-03,2026-05-06,2026-05-12,NONE
BOL202600214,CTR-1102,2026-04-01,2026-04-30,2026-04-30,23019.8,2026-03-29,2026-04-12,2026-04-17,NONE
BOL202600215,CTR-1134,2026-01-22,2026-02-10,2026-02-10,13817.2,2026-01-21,2026-01-25,2026-01-31,NONE
BOL202600216,CTR-1115,2026-02-06,2026-03-05,2026-03-05,12205.9,2026-02-04,2026-02-12,2026-02-15,NONE
BOL202600217,CTR-1083,2026-05-05,2026-05-25,2026-05-25,17834.3,2026-05-04,2026-05-08,2026-05-14,NONE
BOL202600218,CTR-1046,2026-04-26,2026-05-12,2026-05-12,25229.5,2026-04-24,2026-04-28,2026-05-02,NONE
BOL202600219,CTR-1088,2026-04-09,2026-05-09,2026-05-09,17867.6,2026-04-06,2026-04-21,2026-04-29,NONE
BOL202600220,CTR-1085,2026-05-06,2026-05-26,2026-05-27,14673.4,2026-05-04,2026-05-09,2026-05-18,CARRIER_ERROR
BOL202600221,CTR-1036,2026-03-15,2026-04-04,2026-04-04,19050.4,2026-03-13,2026-03-23,2026-04-01,NONE
BOL202600222,CTR-1137,2026-01-29,2026-02-16,2026-02-16,18689.7,2026-01-27,2026-02-06,2026-02-07,NONE
BOL202600223,CTR-1017,2026-04-23,2026-05-14,2026-05-14,11638.7,2026-04-20,2026-05-04,2026-05-08,NONE
BOL202600224,CTR-1046,2026-03-18,2026-04-03,2026-04-03,15577.2,2026-03-17,2026-03-26,2026-03-28,NONE
BOL202600225,CTR-1039,2026-03-02,2026-03-23,2026-03-23,19406.8,2026-02-28,2026-03-15,2026-03-27,NONE
BOL202600226,CTR-1010,2026-04-20,2026-05-10,2026-05-10,22557.6,2026-04-19,2026-05-03,2026-05-04,NONE
BOL202600227,CTR-1106,2026-05-26,2026-06-21,2026-06-21,19549.7,2026-05-25,2026-06-01,2026-06-13,NONE
BOL202600228,CTR-1032,2026-03-16,2026-04-09,2026-04-09,25238.4,2026-03-13,2026-03-29,2026-04-09,NONE
BOL202600229,CTR-1009,2026-01-25,2026-02-13,2026-02-13,22571.1,2026-01-24,2026-01-30,2026-02-10,NONE
BOL202600230,CTR-1029,2026-02-02,2026-02-21,2026-02-21,21382.3,2026-02-01,2026-02-15,2026-02-26,NONE
BOL202600231,CTR-1104,2026-04-11,2026-05-11,2026-05-11,20118.4,2026-04-08,2026-04-16,2026-04-23,NONE
BOL202600232,CTR-1018,2026-04-26,2026-05-13,2026-05-13,24082.0,2026-04-25,2026-05-03,2026-05-12,NONE
BOL202600233,CTR-1139,2026-03-13,2026-04-08,2026-04-08,17808.7,2026-03-10,2026-03-12,2026-03-24,NONE
BOL202600234,CTR-1072,2026-01-24,2026-02-22,2026-02-22,21156.6,2026-01-23,2026-02-06,2026-02-15,NONE
BOL202600235,CTR-1122,2026-04-12,2026-05-03,2026-05-03,23197.6,2026-04-10,2026-04-16,2026-04-22,NONE
BOL202600236,CTR-1053,2026-03-14,2026-04-08,2026-04-08,12089.5,2026-03-12,2026-03-26,2026-04-01,NONE
BOL202600237,CTR-1034,2026-01-13,2026-01-29,2026-02-02,11987.8,2026-01-12,2026-01-21,2026-01-29,CARRIER_ERROR
BOL202600238,CTR-1024,2026-01-01,2026-01-29,2026-01-29,21017.5,2025-12-31,2026-01-16,2026-01-27,NONE
BOL202600239,CTR-1037,2026-03-19,2026-04-08,2026-04-08,24025.5,2026-03-18,2026-03-30,2026-04-05,NONE
BOL202600240,CTR-1073,2026-03-06,2026-03-23,2026-03-23,24460.8,2026-03-05,2026-03-07,2026-03-14,NONE
BOL202600241,CTR-1082,2026-03-20,2026-04-11,2026-04-11,11459.2,2026-03-19,2026-03-21,2026-03-25,NONE
BOL202600242,CTR-1049,2026-05-03,2026-05-20,2026-05-20,13619.1,2026-04-30,2026-05-09,2026-05-10,NONE
BOL202600243,CTR-1051,2026-01-03,2026-01-28,2026-01-28,25810.5,2026-01-01,2026-01-14,2026-01-17,NONE
BOL202600244,CTR-1002,2026-05-03,2026-05-20,2026-05-20,11429.3,2026-05-02,2026-05-05,2026-05-11,NONE
BOL202600245,CTR-1024,2026-04-05,2026-04-29,2026-04-29,22375.4,2026-04-04,2026-04-16,2026-04-27,NONE
BOL202600246,CTR-1135,2026-02-06,2026-02-23,2026-02-23,10135.6,2026-02-03,2026-02-07,2026-02-15,NONE
BOL202600247,CTR-1128,2026-03-31,2026-04-21,2026-04-21,12422.0,2026-03-29,2026-04-09,2026-04-20,NONE
BOL202600248,CTR-1111,2026-04-24,2026-05-15,2026-05-16,22039.1,2026-04-21,2026-05-04,2026-05-11,CARRIER_ERROR
BOL202600249,CTR-1126,2026-03-31,2026-04-28,2026-04-28,12237.3,2026-03-29,2026-04-10,2026-04-12,NONE
BOL202600250,CTR-1117,2026-03-05,2026-03-29,2026-03-29,21047.6,2026-03-02,2026-03-18,2026-03-23,NONE
BOL202600251,CTR-1053,2026-02-22,2026-03-15,2026-03-15,14728.7,2026-02-21,2026-03-07,2026-03-11,NONE
BOL202600252,CTR-1041,2026-05-07,2026-06-03,2026-06-03,17993.3,2026-05-04,2026-05-07,2026-05-16,NONE
BOL202600253,CTR-1080,2026-01-04,2026-01-30,2026-01-30,12111.7,2026-01-01,2026-01-09,2026-01-15,NONE
BOL202600254,CTR-1051,2026-05-20,2026-06-09,2026-06-09,25271.2,2026-05-19,2026-05-21,2026-05-31,NONE
BOL202600255,CTR-1089,2026-01-18,2026-02-02,2026-02-02,10637.2,2026-01-17,2026-01-31,2026-02-07,NONE
BOL202600256,CTR-1006,2026-05-10,2026-06-03,2026-06-03,18016.8,2026-05-08,2026-05-16,2026-05-28,NONE
BOL202600257,CTR-1099,2026-04-13,2026-04-30,2026-04-30,18602.5,2026-04-12,2026-04-18,2026-04-20,NONE
BOL202600258,CTR-1130,2026-03-21,2026-04-07,2026-04-07,13251.2,2026-03-20,2026-03-30,2026-04-05,NONE
BOL202600259,CTR-1058,2026-04-11,2026-04-28,2026-04-28,16999.8,2026-04-10,2026-04-12,2026-04-16,NONE
BOL202600260,CTR-1131,2026-01-23,2026-02-20,2026-02-20,19796.7,2026-01-22,2026-01-28,2026-02-08,NONE
BOL202600261,CTR-1042,2026-02-14,2026-03-04,2026-03-06,10181.6,2026-02-12,2026-02-19,2026-02-28,WEATHER
BOL202600262,CTR-1100,2026-05-13,2026-06-05,2026-06-05,12030.9,2026-05-11,2026-05-24,2026-05-26,NONE
BOL202600263,CTR-1122,2026-01-08,2026-02-02,2026-02-02,14351.7,2026-01-07,2026-01-13,2026-01-25,NONE
BOL202600264,CTR-1096,2026-05-28,2026-06-14,2026-06-14,18172.5,2026-05-27,2026-06-05,2026-06-15,NONE
BOL202600265,CTR-1099,2026-02-12,2026-03-10,2026-03-10,22373.3,2026-02-09,2026-02-21,2026-03-05,NONE
BOL202600266,CTR-1033,2026-01-30,2026-02-21,2026-02-21,10041.1,2026-01-29,2026-02-03,2026-02-04,NONE
BOL202600267,CTR-1112,2026-05-01,2026-05-27,2026-05-27,12401.4,2026-04-30,2026-05-10,2026-05-22,NONE
BOL202600268,CTR-1103,2026-04-18,2026-05-10,2026-05-10,16660.1,2026-04-15,2026-04-22,2026-04-27,NONE
BOL202600269,CTR-1063,2026-01-20,2026-02-15,2026-02-15,20773.2,2026-01-19,2026-01-23,2026-01-27,NONE
BOL202600270,CTR-1097,2026-05-13,2026-05-29,2026-05-29,11102.8,2026-05-11,2026-05-26,2026-05-31,NONE
BOL202600271,CTR-1045,2026-03-21,2026-04-15,2026-04-19,15902.7,2026-03-19,2026-03-30,2026-04-04,CARRIER_ERROR
BOL202600272,CTR-1009,2026-03-04,2026-04-02,2026-04-02,25549.7,2026-03-03,2026-03-16,2026-03-25,NONE
BOL202600273,CTR-1125,2026-03-04,2026-03-23,2026-03-27,13728.0,2026-03-02,2026-03-14,2026-03-26,CARRIER_ERROR
BOL202600274,CTR-1100,2026-01-03,2026-01-28,2026-02-01,21635.4,2026-01-02,2026-01-07,2026-01-16,WEATHER
BOL202600275,CTR-1096,2026-03-02,2026-03-30,2026-03-30,10958.3,2026-03-01,2026-03-14,2026-03-19,NONE
BOL202600276,CTR-1067,2026-01-24,2026-02-09,2026-02-09,24356.6,2026-01-21,2026-01-29,2026-02-10,NONE
BOL202600277,CTR-1032,2026-04-06,2026-05-05,2026-05-05,11358.4,2026-04-05,2026-04-15,2026-04-18,NONE
BOL202600278,CTR-1001,2026-04-11,2026-04-28,2026-04-28,10996.5,2026-04-08,2026-04-12,2026-04-16,NONE
BOL202600279,CTR-1019,2026-03-16,2026-04-08,2026-04-08,24816.7,2026-03-14,2026-03-27,2026-04-08,NONE
BOL202600280,CTR-1038,2026-03-25,2026-04-19,2026-04-19,13737.8,2026-03-24,2026-03-28,2026-04-07,NONE
BOL202600281,CTR-1106,2026-01-28,2026-02-16,2026-02-16,17193.1,2026-01-26,2026-02-03,2026-02-05,NONE
BOL202600282,CTR-1125,2026-05-18,2026-06-13,2026-06-13,13322.2,2026-05-16,2026-05-25,2026-05-30,NONE
BOL202600283,CTR-1076,2026-01-31,2026-02-17,2026-02-17,20976.9,2026-01-28,2026-02-10,2026-02-20,NONE
BOL202600284,CTR-1028,2026-01-11,2026-02-01,2026-02-01,15244.7,2026-01-10,2026-01-23,2026-01-27,NONE
BOL202600285,CTR-1066,2026-04-02,2026-04-29,2026-04-29,20834.9,2026-03-31,2026-04-15,2026-04-18,NONE
BOL202600286,CTR-1060,2026-01-08,2026-02-04,2026-02-04,18895.3,2026-01-05,2026-01-10,2026-01-12,NONE
BOL202600287,CTR-1009,2026-04-29,2026-05-17,2026-05-17,12236.7,2026-04-28,2026-04-30,2026-05-04,NONE
BOL202600288,CTR-1142,2026-02-03,2026-02-24,2026-02-24,15955.8,2026-01-31,2026-02-12,2026-02-14,NONE
BOL202600289,CTR-1010,2026-05-30,2026-06-22,2026-06-22,11199.8,2026-05-29,2026-06-03,2026-06-14,NONE
BOL202600290,CTR-1131,2026-04-24,2026-05-13,2026-05-16,10683.1,2026-04-22,2026-04-24,2026-04-27,CARRIER_ERROR
BOL202600291,CTR-1064,2026-05-27,2026-06-24,2026-06-24,16320.0,2026-05-26,2026-06-03,2026-06-14,NONE
BOL202600292,CTR-1007,2026-04-20,2026-05-10,2026-05-10,24532.9,2026-04-18,2026-04-24,2026-05-02,NONE
BOL202600293,CTR-1134,2026-02-08,2026-02-24,2026-02-24,19871.6,2026-02-05,2026-02-11,2026-02-19,NONE
BOL202600294,CTR-1032,2026-04-16,2026-05-16,2026-05-19,12195.8,2026-04-15,2026-04-27,2026-05-06,CUSTOMS_HOLD
BOL202600295,CTR-1099,2026-03-05,2026-03-20,2026-03-20,22510.7,2026-03-03,2026-03-12,2026-03-21,NONE
BOL202600296,CTR-1084,2026-05-05,2026-05-31,2026-05-31,18038.3,2026-05-03,2026-05-09,2026-05-12,NONE
BOL202600297,CTR-1123,2026-01-07,2026-02-01,2026-02-01,10468.9,2026-01-05,2026-01-07,2026-01-15,NONE
BOL202600298,CTR-1079,2026-05-16,2026-06-11,2026-06-11,25993.7,2026-05-15,2026-05-18,2026-05-22,NONE
BOL202600299,CTR-1097,2026-03-03,2026-03-26,2026-03-26,22659.8,2026-02-28,2026-03-02,2026-03-06,NONE
BOL202600300,CTR-1125,2026-05-28,2026-06-24,2026-06-24,23427.6,2026-05-27,2026-05-31,2026-06-04,NONE
BOL202600301,CTR-1001,2026-03-23,2026-04-18,2026-04-18,10451.3,2026-03-20,2026-03-27,2026-04-06,NONE
BOL202600302,CTR-1042,2026-05-25,2026-06-13,2026-06-13,13011.7,2026-05-23,2026-06-02,2026-06-07,NONE
BOL202600303,CTR-1027,2026-02-14,2026-03-16,2026-03-17,19626.6,2026-02-13,2026-02-23,2026-03-03,CARRIER_ERROR
BOL202600304,CTR-1073,2026-01-01,2026-01-26,2026-01-26,13223.4,2025-12-31,2026-01-07,2026-01-19,NONE
BOL202600305,CTR-1093,2026-02-15,2026-03-12,2026-03-14,21275.1,2026-02-14,2026-02-28,2026-03-02,WEATHER
BOL202600306,CTR-1138,2026-05-15,2026-06-10,2026-06-10,15977.5,2026-05-12,2026-05-20,2026-05-30,NONE
BOL202600307,CTR-1077,2026-01-26,2026-02-20,2026-02-20,12183.2,2026-01-25,2026-02-07,2026-02-14,NONE
BOL202600308,CTR-1011,2026-05-05,2026-05-30,2026-05-30,25499.9,2026-05-02,2026-05-18,2026-05-28,NONE
BOL202600309,CTR-1099,2026-04-02,2026-04-24,2026-04-24,23031.3,2026-03-31,2026-04-06,2026-04-18,NONE
BOL202600310,CTR-1121,2026-03-17,2026-04-05,2026-04-05,10028.8,2026-03-14,2026-03-25,2026-04-01,NONE
BOL202600311,CTR-1005,2026-05-26,2026-06-11,2026-06-11,15091.5,2026-05-23,2026-05-28,2026-06-08,NONE
BOL202600312,CTR-1074,2026-05-25,2026-06-12,2026-06-12,12250.3,2026-05-22,2026-05-25,2026-05-29,NONE
BOL202600313,CTR-1086,2026-03-30,2026-04-24,2026-04-24,24165.1,2026-03-29,2026-04-13,2026-04-25,NONE
BOL202600314,CTR-1027,2026-03-27,2026-04-25,2026-04-27,21090.8,2026-03-25,2026-03-31,2026-04-02,CARRIER_ERROR
BOL202600315,CTR-1021,2026-01-01,2026-01-17,2026-01-17,21721.4,2025-12-31,2026-01-16,2026-01-23,NONE
BOL202600316,CTR-1014,2026-05-07,2026-06-03,2026-06-03,16005.6,2026-05-05,2026-05-19,2026-05-29,NONE
BOL202600317,CTR-1038,2026-02-27,2026-03-19,2026-03-19,22787.1,2026-02-26,2026-03-04,2026-03-05,NONE
BOL202600318,CTR-1136,2026-03-23,2026-04-15,2026-04-15,11187.2,2026-03-22,2026-04-07,2026-04-14,NONE
BOL202600319,CTR-1067,2026-02-11,2026-02-28,2026-02-28,24370.0,2026-02-10,2026-02-17,2026-02-27,NONE
BOL202600320,CTR-1070,2026-05-04,2026-05-19,2026-05-19,20458.2,2026-05-01,2026-05-17,2026-05-24,NONE
BOL202600321,CTR-1060,2026-02-10,2026-02-26,2026-02-26,13288.8,2026-02-09,2026-02-17,2026-03-01,NONE
BOL202600322,CTR-1045,2026-05-22,2026-06-14,2026-06-14,14758.4,2026-05-21,2026-05-23,2026-05-30,NONE
BOL202600323,CTR-1094,2026-05-27,2026-06-26,2026-06-26,15773.3,2026-05-25,2026-05-28,2026-06-02,NONE
BOL202600324,CTR-1030,2026-05-03,2026-05-24,2026-05-26,20211.1,2026-05-02,2026-05-11,2026-05-13,CARRIER_ERROR
BOL202600325,CTR-1038,2026-03-20,2026-04-16,2026-04-16,24318.0,2026-03-18,2026-03-21,2026-04-01,NONE
BOL202600326,CTR-1113,2026-05-20,2026-06-16,2026-06-16,24167.9,2026-05-18,2026-05-22,2026-05-30,NONE
BOL202600327,CTR-1111,2026-01-12,2026-02-04,2026-02-04,14214.4,2026-01-10,2026-01-21,2026-01-22,NONE
BOL202600328,CTR-1018,2026-02-08,2026-02-26,2026-03-01,16623.8,2026-02-05,2026-02-10,2026-02-19,WEATHER
BOL202600329,CTR-1038,2026-01-16,2026-02-12,2026-02-12,16698.1,2026-01-13,2026-01-25,2026-02-02,NONE
BOL202600330,CTR-1017,2026-05-27,2026-06-18,2026-06-18,11263.3,2026-05-24,2026-05-26,2026-06-04,NONE
BOL202600331,CTR-1127,2026-05-27,2026-06-15,2026-06-15,22115.0,2026-05-26,2026-05-30,2026-06-03,NONE
BOL202600332,CTR-1130,2026-02-19,2026-03-10,2026-03-11,16966.3,2026-02-16,2026-02-20,2026-03-02,WEATHER
BOL202600333,CTR-1110,2026-03-08,2026-04-02,2026-04-02,24626.8,2026-03-07,2026-03-10,2026-03-17,NONE
BOL202600334,CTR-1066,2026-05-23,2026-06-19,2026-06-19,23706.0,2026-05-20,2026-05-29,2026-05-30,NONE
BOL202600335,CTR-1113,2026-05-31,2026-06-28,2026-06-28,12394.3,2026-05-28,2026-06-08,2026-06-18,NONE
BOL202600336,CTR-1104,2026-01-26,2026-02-13,2026-02-13,11615.8,2026-01-24,2026-02-08,2026-02-17,NONE
BOL202600337,CTR-1080,2026-03-30,2026-04-27,2026-04-27,20476.6,2026-03-27,2026-04-07,2026-04-15,NONE
BOL202600338,CTR-1103,2026-01-10,2026-01-30,2026-01-30,12301.6,2026-01-07,2026-01-19,2026-01-31,NONE
BOL202600339,CTR-1141,2026-04-13,2026-04-29,2026-04-29,24063.3,2026-04-10,2026-04-15,2026-04-16,NONE
BOL202600340,CTR-1144,2026-05-02,2026-05-25,2026-05-25,10323.7,2026-04-30,2026-05-06,2026-05-11,NONE
BOL202600341,CTR-1060,2026-05-06,2026-05-24,2026-05-24,13647.3,2026-05-04,2026-05-17,2026-05-25,NONE
BOL202600342,CTR-1071,2026-03-24,2026-04-16,2026-04-16,19679.7,2026-03-23,2026-03-28,2026-04-05,NONE
BOL202600343,CTR-1052,2026-02-24,2026-03-24,2026-03-24,22151.9,2026-02-22,2026-03-09,2026-03-10,NONE
BOL202600344,CTR-1046,2026-05-12,2026-06-01,2026-06-06,12170.4,2026-05-09,2026-05-25,2026-06-04,CUSTOMS_HOLD
BOL202600345,CTR-1045,2026-01-08,2026-01-28,2026-01-28,23326.9,2026-01-07,2026-01-12,2026-01-13,NONE
BOL202600346,CTR-1105,2026-04-27,2026-05-13,2026-05-13,21274.1,2026-04-25,2026-05-02,2026-05-10,NONE
BOL202600347,CTR-1094,2026-05-10,2026-06-06,2026-06-06,11982.0,2026-05-09,2026-05-14,2026-05-20,NONE
BOL202600348,CTR-1024,2026-05-06,2026-06-04,2026-06-04,23927.7,2026-05-03,2026-05-13,2026-05-19,NONE
BOL202600349,CTR-1028,2026-03-30,2026-04-19,2026-04-19,14138.6,2026-03-27,2026-03-30,2026-04-04,NONE
BOL202600350,CTR-1081,2026-01-08,2026-02-04,2026-02-09,23713.8,2026-01-05,2026-01-10,2026-01-21,CARRIER_ERROR
BOL202600351,CTR-1034,2026-02-22,2026-03-17,2026-03-17,18212.5,2026-02-19,2026-02-21,2026-03-01,NONE
BOL202600352,CTR-1094,2026-02-03,2026-02-23,2026-02-23,10135.4,2026-02-01,2026-02-12,2026-02-17,NONE
BOL202600353,CTR-1021,2026-03-12,2026-04-09,2026-04-09,23625.4,2026-03-10,2026-03-16,2026-03-20,NONE
BOL202600354,CTR-1123,2026-04-30,2026-05-24,2026-05-24,23189.0,2026-04-28,2026-05-09,2026-05-11,NONE
BOL202600355,CTR-1020,2026-01-02,2026-01-28,2026-01-28,19500.4,2025-12-31,2026-01-06,2026-01-17,NONE
BOL202600356,CTR-1028,2026-01-28,2026-02-27,2026-03-02,15202.2,2026-01-26,2026-02-01,2026-02-12,WEATHER
BOL202600357,CTR-1061,2026-03-18,2026-04-08,2026-04-08,22247.6,2026-03-17,2026-03-31,2026-04-10,NONE
BOL202600358,CTR-1013,2026-04-14,2026-05-09,2026-05-09,21540.5,2026-04-11,2026-04-20,2026-04-25,NONE
BOL202600359,CTR-1128,2026-03-08,2026-04-05,2026-04-05,21787.7,2026-03-05,2026-03-18,2026-03-28,NONE
BOL202600360,CTR-1065,2026-02-18,2026-03-15,2026-03-15,13557.8,2026-02-15,2026-02-27,2026-03-07,NONE
BOL202600361,CTR-1089,2026-04-02,2026-04-26,2026-04-26,23450.2,2026-03-30,2026-04-03,2026-04-08,NONE
BOL202600362,CTR-1016,2026-01-25,2026-02-24,2026-02-24,14138.4,2026-01-22,2026-02-05,2026-02-08,NONE
BOL202600363,CTR-1141,2026-03-27,2026-04-13,2026-04-13,13573.2,2026-03-25,2026-04-02,2026-04-08,NONE
BOL202600364,CTR-1113,2026-04-06,2026-04-29,2026-04-29,17420.2,2026-04-05,2026-04-14,2026-04-15,NONE
BOL202600365,CTR-1047,2026-05-30,2026-06-16,2026-06-16,13112.7,2026-05-29,2026-06-13,2026-06-24,NONE
BOL202600366,CTR-1079,2026-04-08,2026-05-02,2026-05-02,23933.6,2026-04-07,2026-04-11,2026-04-15,NONE
BOL202600367,CTR-1069,2026-03-29,2026-04-26,2026-04-26,24285.5,2026-03-27,2026-03-31,2026-04-06,NONE
BOL202600368,CTR-1075,2026-02-16,2026-03-05,2026-03-05,20096.5,2026-02-15,2026-02-22,2026-03-05,NONE
BOL202600369,CTR-1089,2026-01-15,2026-01-30,2026-01-30,13350.1,2026-01-14,2026-01-25,2026-01-28,NONE
BOL202600370,CTR-1135,2026-05-06,2026-05-23,2026-05-23,16939.4,2026-05-04,2026-05-12,2026-05-19,NONE
BOL202600371,CTR-1004,2026-05-03,2026-05-30,2026-06-04,21690.5,2026-05-02,2026-05-18,2026-05-24,CARRIER_ERROR
BOL202600372,CTR-1043,2026-05-16,2026-06-06,2026-06-07,21737.7,2026-05-15,2026-05-28,2026-06-03,WEATHER
BOL202600373,CTR-1115,2026-03-21,2026-04-09,2026-04-09,18053.4,2026-03-19,2026-03-23,2026-03-25,NONE
BOL202600374,CTR-1101,2026-01-12,2026-02-05,2026-02-05,17294.8,2026-01-09,2026-01-20,2026-01-29,NONE
BOL202600375,CTR-1090,2026-03-28,2026-04-25,2026-04-25,25927.6,2026-03-26,2026-04-11,2026-04-19,NONE
BOL202600376,CTR-1066,2026-04-02,2026-04-23,2026-04-23,24510.3,2026-03-31,2026-04-02,2026-04-06,NONE
BOL202600377,CTR-1019,2026-02-27,2026-03-18,2026-03-18,10350.6,2026-02-24,2026-02-28,2026-03-02,NONE
BOL202600378,CTR-1136,2026-04-04,2026-04-20,2026-04-20,20245.1,2026-04-01,2026-04-12,2026-04-13,NONE
BOL202600379,CTR-1125,2026-01-13,2026-01-31,2026-01-31,10315.9,2026-01-10,2026-01-13,2026-01-20,NONE
BOL202600380,CTR-1079,2026-04-24,2026-05-21,2026-05-21,14043.8,2026-04-21,2026-04-25,2026-04-29,NONE
BOL202600381,CTR-1125,2026-01-03,2026-01-27,2026-01-27,11615.7,2025-12-31,2026-01-06,2026-01-16,NONE
BOL202600382,CTR-1124,2026-02-05,2026-03-05,2026-03-05,11678.6,2026-02-02,2026-02-13,2026-02-15,NONE
BOL202600383,CTR-1018,2026-03-14,2026-04-01,2026-04-01,17963.8,2026-03-11,2026-03-16,2026-03-21,NONE
BOL202600384,CTR-1030,2026-05-14,2026-06-04,2026-06-04,16556.1,2026-05-13,2026-05-15,2026-05-24,NONE
BOL202600385,CTR-1020,2026-05-08,2026-05-29,2026-05-29,17690.6,2026-05-07,2026-05-09,2026-05-10,NONE
BOL202600386,CTR-1039,2026-01-23,2026-02-10,2026-02-10,20704.4,2026-01-22,2026-01-25,2026-02-03,NONE
BOL202600387,CTR-1109,2026-01-20,2026-02-07,2026-02-07,20309.4,2026-01-18,2026-01-24,2026-01-29,NONE
BOL202600388,CTR-1125,2026-04-29,2026-05-15,2026-05-17,23636.0,2026-04-27,2026-05-11,2026-05-22,CARRIER_ERROR
BOL202600389,CTR-1119,2026-03-22,2026-04-19,2026-04-19,11520.0,2026-03-21,2026-03-23,2026-03-26,NONE
BOL202600390,CTR-1065,2026-02-13,2026-03-10,2026-03-10,17003.4,2026-02-10,2026-02-16,2026-02-28,NONE
BOL202600391,CTR-1113,2026-01-24,2026-02-19,2026-02-19,12925.9,2026-01-22,2026-01-30,2026-02-07,NONE
BOL202600392,CTR-1104,2026-03-11,2026-04-07,2026-04-07,17651.9,2026-03-09,2026-03-21,2026-03-24,NONE
BOL202600393,CTR-1026,2026-01-29,2026-02-17,2026-02-17,10938.3,2026-01-28,2026-01-31,2026-02-07,NONE
BOL202600394,CTR-1132,2026-05-04,2026-06-02,2026-06-02,16076.0,2026-05-02,2026-05-13,2026-05-14,NONE
BOL202600395,CTR-1114,2026-02-03,2026-03-05,2026-03-05,11807.0,2026-02-01,2026-02-10,2026-02-11,NONE
BOL202600396,CTR-1064,2026-01-17,2026-02-09,2026-02-09,10197.8,2026-01-14,2026-01-24,2026-02-05,NONE
BOL202600397,CTR-1134,2026-05-28,2026-06-19,2026-06-19,20717.5,2026-05-26,2026-06-05,2026-06-14,NONE
BOL202600398,CTR-1004,2026-01-25,2026-02-22,2026-02-22,13977.2,2026-01-23,2026-02-04,2026-02-15,NONE
BOL202600399,CTR-1129,2026-04-09,2026-04-28,2026-04-28,18933.5,2026-04-06,2026-04-08,2026-04-09,NONE
BOL202600400,CTR-1059,2026-02-10,2026-03-12,2026-03-12,23910.7,2026-02-09,2026-02-23,2026-03-03,NONE
BOL202600401,CTR-1020,2026-03-24,2026-04-15,2026-04-15,14450.5,2026-03-21,2026-03-26,2026-04-04,NONE
BOL202600402,CTR-1107,2026-04-07,2026-05-04,2026-05-04,11261.3,2026-04-05,2026-04-19,2026-04-29,NONE
BOL202600403,CTR-1034,2026-04-25,2026-05-12,2026-05-12,17153.1,2026-04-24,2026-05-03,2026-05-15,NONE
BOL202600404,CTR-1007,2026-01-05,2026-01-23,2026-01-23,10573.3,2026-01-02,2026-01-04,2026-01-06,NONE
BOL202600405,CTR-1142,2026-03-19,2026-04-09,2026-04-09,17299.3,2026-03-17,2026-03-24,2026-03-25,NONE
BOL202600406,CTR-1129,2026-02-27,2026-03-28,2026-03-28,22278.7,2026-02-24,2026-03-05,2026-03-17,NONE
BOL202600407,CTR-1101,2026-04-04,2026-05-03,2026-05-03,22149.1,2026-04-03,2026-04-05,2026-04-11,NONE
BOL202600408,CTR-1078,2026-04-01,2026-04-25,2026-04-25,15982.2,2026-03-31,2026-04-02,2026-04-05,NONE
BOL202600409,CTR-1011,2026-05-07,2026-05-26,2026-05-26,21880.2,2026-05-05,2026-05-08,2026-05-13,NONE
BOL202600410,CTR-1030,2026-02-20,2026-03-13,2026-03-13,23635.1,2026-02-19,2026-02-28,2026-03-04,NONE
BOL202600411,CTR-1013,2026-03-28,2026-04-15,2026-04-15,10744.0,2026-03-25,2026-04-09,2026-04-20,NONE
BOL202600412,CTR-1039,2026-05-31,2026-06-18,2026-06-18,17208.1,2026-05-28,2026-06-08,2026-06-17,NONE
BOL202600413,CTR-1083,2026-02-04,2026-03-06,2026-03-07,24964.9,2026-02-01,2026-02-10,2026-02-19,WEATHER
BOL202600414,CTR-1043,2026-02-15,2026-03-07,2026-03-07,12054.1,2026-02-13,2026-02-25,2026-03-07,NONE
BOL202600415,CTR-1028,2026-03-24,2026-04-20,2026-04-20,19743.9,2026-03-21,2026-04-04,2026-04-08,NONE
BOL202600416,CTR-1014,2026-03-12,2026-04-08,2026-04-08,25527.9,2026-03-10,2026-03-24,2026-03-27,NONE
BOL202600417,CTR-1004,2026-02-05,2026-03-05,2026-03-05,24183.0,2026-02-02,2026-02-08,2026-02-20,NONE
BOL202600418,CTR-1009,2026-05-21,2026-06-15,2026-06-15,24968.2,2026-05-18,2026-05-23,2026-05-27,NONE
BOL202600419,CTR-1119,2026-02-23,2026-03-19,2026-03-19,24739.1,2026-02-22,2026-03-07,2026-03-18,NONE
BOL202600420,CTR-1013,2026-02-15,2026-03-12,2026-03-12,22172.4,2026-02-12,2026-02-21,2026-03-03,NONE
BOL202600421,CTR-1079,2026-05-27,2026-06-24,2026-06-24,24301.9,2026-05-24,2026-05-30,2026-06-06,NONE
BOL202600422,CTR-1003,2026-01-04,2026-01-22,2026-01-24,20724.1,2026-01-03,2026-01-09,2026-01-12,CARRIER_ERROR
BOL202600423,CTR-1104,2026-03-15,2026-04-07,2026-04-07,10992.5,2026-03-13,2026-03-18,2026-03-27,NONE
BOL202600424,CTR-1067,2026-01-09,2026-02-04,2026-02-04,11639.7,2026-01-06,2026-01-19,2026-01-28,NONE
BOL202600425,CTR-1110,2026-02-27,2026-03-26,2026-03-26,22548.9,2026-02-24,2026-03-02,2026-03-14,NONE
BOL202600426,CTR-1129,2026-01-13,2026-02-09,2026-02-09,25307.2,2026-01-10,2026-01-17,2026-01-26,NONE
BOL202600427,CTR-1007,2026-01-14,2026-01-29,2026-01-29,13249.4,2026-01-12,2026-01-27,2026-01-31,NONE
BOL202600428,CTR-1028,2026-04-05,2026-04-26,2026-04-26,25428.6,2026-04-03,2026-04-12,2026-04-15,NONE
BOL202600429,CTR-1032,2026-01-20,2026-02-09,2026-02-09,21761.3,2026-01-19,2026-01-27,2026-01-28,NONE
BOL202600430,CTR-1137,2026-04-20,2026-05-13,2026-05-13,12081.1,2026-04-17,2026-05-02,2026-05-07,NONE
BOL202600431,CTR-1099,2026-01-02,2026-01-27,2026-01-27,24999.9,2026-01-01,2026-01-05,2026-01-11,NONE
BOL202600432,CTR-1081,2026-01-14,2026-02-07,2026-02-07,19162.8,2026-01-12,2026-01-15,2026-01-27,NONE
BOL202600433,CTR-1112,2026-03-23,2026-04-14,2026-04-14,18329.7,2026-03-20,2026-03-24,2026-03-31,NONE
BOL202600434,CTR-1086,2026-05-20,2026-06-16,2026-06-18,20613.4,2026-05-18,2026-05-25,2026-05-30,CARRIER_ERROR
BOL202600435,CTR-1039,2026-02-25,2026-03-27,2026-03-27,23179.0,2026-02-22,2026-02-24,2026-02-26,NONE
BOL202600436,CTR-1013,2026-03-30,2026-04-28,2026-04-28,20276.2,2026-03-27,2026-04-01,2026-04-02,NONE
BOL202600437,CTR-1085,2026-03-24,2026-04-20,2026-04-20,25119.8,2026-03-22,2026-03-28,2026-04-06,NONE
BOL202600438,CTR-1030,2026-03-14,2026-03-29,2026-03-29,23153.7,2026-03-12,2026-03-22,2026-03-31,NONE
BOL202600439,CTR-1078,2026-04-25,2026-05-25,2026-05-27,18222.3,2026-04-24,2026-04-28,2026-05-07,CUSTOMS_HOLD
BOL202600440,CTR-1103,2026-05-17,2026-06-01,2026-06-01,13372.5,2026-05-14,2026-05-28,2026-06-01,NONE
BOL202600441,CTR-1058,2026-04-19,2026-05-07,2026-05-07,23260.0,2026-04-16,2026-04-30,2026-05-07,NONE
BOL202600442,CTR-1001,2026-01-19,2026-02-07,2026-02-10,11400.3,2026-01-18,2026-01-22,2026-01-27,CARRIER_ERROR
BOL202600443,CTR-1119,2026-05-23,2026-06-09,2026-06-09,13642.3,2026-05-21,2026-05-29,2026-06-05,NONE
BOL202600444,CTR-1062,2026-04-26,2026-05-23,2026-05-23,10270.3,2026-04-23,2026-04-26,2026-05-05,NONE
BOL202600445,CTR-1081,2026-01-02,2026-01-19,2026-01-19,19369.7,2025-12-30,2026-01-14,2026-01-16,NONE
BOL202600446,CTR-1056,2026-04-02,2026-04-20,2026-04-20,20974.1,2026-03-30,2026-04-02,2026-04-07,NONE
BOL202600447,CTR-1132,2026-04-23,2026-05-20,2026-05-20,20571.6,2026-04-21,2026-04-25,2026-05-04,NONE
BOL202600448,CTR-1068,2026-02-26,2026-03-17,2026-03-17,22748.3,2026-02-23,2026-03-01,2026-03-12,NONE
BOL202600449,CTR-1065,2026-02-06,2026-03-02,2026-03-02,24626.7,2026-02-03,2026-02-15,2026-02-21,NONE
BOL202600450,CTR-1023,2026-01-03,2026-01-22,2026-01-22,10080.5,2025-12-31,2026-01-08,2026-01-17,NONE
BOL202600451,CTR-1106,2026-05-21,2026-06-07,2026-06-07,21972.7,2026-05-18,2026-05-25,2026-05-29,NONE
BOL202600452,CTR-1124,2026-04-16,2026-05-05,2026-05-05,13532.6,2026-04-14,2026-04-19,2026-04-21,NONE
BOL202600453,CTR-1016,2026-02-16,2026-03-04,2026-03-04,24917.9,2026-02-13,2026-02-22,2026-03-05,NONE
BOL202600454,CTR-1084,2026-05-21,2026-06-07,2026-06-07,11077.8,2026-05-20,2026-05-25,2026-06-06,NONE
BOL202600455,CTR-1096,2026-05-29,2026-06-28,2026-06-28,15714.2,2026-05-26,2026-06-07,2026-06-11,NONE
BOL202600456,CTR-1110,2026-01-26,2026-02-19,2026-02-19,24401.9,2026-01-24,2026-02-02,2026-02-10,NONE
BOL202600457,CTR-1078,2026-03-26,2026-04-19,2026-04-19,12438.3,2026-03-23,2026-03-30,2026-04-05,NONE
BOL202600458,CTR-1076,2026-04-20,2026-05-10,2026-05-12,21395.2,2026-04-17,2026-04-25,2026-04-30,CARRIER_ERROR
BOL202600459,CTR-1115,2026-04-03,2026-04-22,2026-04-22,15305.0,2026-04-01,2026-04-10,2026-04-18,NONE
BOL202600460,CTR-1003,2026-04-02,2026-04-26,2026-04-26,11741.3,2026-03-30,2026-04-10,2026-04-12,NONE
BOL202600461,CTR-1027,2026-03-13,2026-04-01,2026-04-01,13142.9,2026-03-10,2026-03-26,2026-04-06,NONE
BOL202600462,CTR-1043,2026-01-20,2026-02-06,2026-02-06,23593.4,2026-01-17,2026-01-19,2026-01-29,NONE
BOL202600463,CTR-1055,2026-05-29,2026-06-25,2026-06-25,13404.2,2026-05-28,2026-06-07,2026-06-12,NONE
BOL202600464,CTR-1118,2026-05-20,2026-06-19,2026-06-19,12378.1,2026-05-18,2026-05-23,2026-06-02,NONE
BOL202600465,CTR-1142,2026-03-16,2026-04-04,2026-04-04,18166.6,2026-03-14,2026-03-21,2026-03-30,NONE
BOL202600466,CTR-1098,2026-01-03,2026-01-25,2026-01-25,22904.6,2025-12-31,2026-01-12,2026-01-15,NONE
BOL202600467,CTR-1121,2026-05-12,2026-05-31,2026-05-31,12866.3,2026-05-09,2026-05-21,2026-05-24,NONE
BOL202600468,CTR-1029,2026-05-04,2026-05-30,2026-06-03,11005.8,2026-05-02,2026-05-07,2026-05-08,CARRIER_ERROR
BOL202600469,CTR-1125,2026-02-22,2026-03-20,2026-03-20,24686.4,2026-02-21,2026-02-23,2026-03-06,NONE
BOL202600470,CTR-1042,2026-03-24,2026-04-11,2026-04-11,18342.0,2026-03-22,2026-04-06,2026-04-18,NONE
BOL202600471,CTR-1042,2026-03-09,2026-03-29,2026-03-29,16056.3,2026-03-06,2026-03-18,2026-03-20,NONE
BOL202600472,CTR-1063,2026-05-13,2026-06-05,2026-06-05,24515.9,2026-05-10,2026-05-18,2026-05-24,NONE
BOL202600473,CTR-1055,2026-03-30,2026-04-29,2026-04-29,24194.8,2026-03-29,2026-04-08,2026-04-11,NONE
BOL202600474,CTR-1023,2026-04-23,2026-05-13,2026-05-13,18232.7,2026-04-21,2026-04-26,2026-04-29,NONE
BOL202600475,CTR-1063,2026-02-17,2026-03-09,2026-03-09,21476.8,2026-02-16,2026-02-28,2026-03-04,NONE
BOL202600476,CTR-1024,2026-04-17,2026-05-12,2026-05-12,17704.3,2026-04-15,2026-04-24,2026-04-28,NONE
BOL202600477,CTR-1097,2026-02-11,2026-03-11,2026-03-12,19175.8,2026-02-10,2026-02-14,2026-02-25,CARRIER_ERROR
BOL202600478,CTR-1032,2026-05-12,2026-05-28,2026-05-28,12349.8,2026-05-11,2026-05-17,2026-05-20,NONE
BOL202600479,CTR-1047,2026-05-13,2026-06-09,2026-06-09,19017.7,2026-05-12,2026-05-28,2026-06-09,NONE
BOL202600480,CTR-1042,2026-03-14,2026-03-31,2026-03-31,19704.4,2026-03-12,2026-03-27,2026-04-04,NONE
BOL202600481,CTR-1134,2026-02-13,2026-03-07,2026-03-07,19613.4,2026-02-10,2026-02-25,2026-02-28,NONE
BOL202600482,CTR-1023,2026-05-11,2026-06-03,2026-06-03,20969.5,2026-05-09,2026-05-20,2026-05-30,NONE
BOL202600483,CTR-1049,2026-01-18,2026-02-09,2026-02-09,12115.4,2026-01-17,2026-01-22,2026-01-31,NONE
BOL202600484,CTR-1136,2026-05-10,2026-06-07,2026-06-07,19688.2,2026-05-09,2026-05-18,2026-05-28,NONE
BOL202600485,CTR-1040,2026-01-10,2026-01-28,2026-01-30,18628.6,2026-01-09,2026-01-25,2026-02-05,WEATHER
BOL202600486,CTR-1120,2026-04-21,2026-05-19,2026-05-19,10695.0,2026-04-18,2026-04-26,2026-04-30,NONE
BOL202600487,CTR-1034,2026-05-04,2026-05-31,2026-05-31,22873.9,2026-05-01,2026-05-12,2026-05-14,NONE
BOL202600488,CTR-1122,2026-04-19,2026-05-08,2026-05-08,22253.7,2026-04-18,2026-04-24,2026-05-04,NONE
BOL202600489,CTR-1071,2026-05-20,2026-06-17,2026-06-17,10087.5,2026-05-17,2026-05-31,2026-06-01,NONE
BOL202600490,CTR-1044,2026-05-28,2026-06-15,2026-06-15,16000.5,2026-05-27,2026-06-09,2026-06-15,NONE
BOL202600491,CTR-1081,2026-04-15,2026-05-11,2026-05-11,16817.1,2026-04-12,2026-04-18,2026-04-23,NONE
BOL202600492,CTR-1093,2026-05-18,2026-06-15,2026-06-15,19790.1,2026-05-15,2026-05-23,2026-05-27,NONE
BOL202600493,CTR-1122,2026-04-16,2026-05-16,2026-05-16,18945.5,2026-04-14,2026-04-20,2026-04-25,NONE
BOL202600494,CTR-1125,2026-05-28,2026-06-23,2026-06-23,16370.1,2026-05-27,2026-06-11,2026-06-22,NONE
BOL202600495,CTR-1079,2026-01-31,2026-02-22,2026-02-22,21189.0,2026-01-30,2026-02-02,2026-02-06,NONE
BOL202600496,CTR-1040,2026-05-11,2026-06-07,2026-06-07,22813.7,2026-05-08,2026-05-21,2026-06-01,NONE
BOL202600497,CTR-1088,2026-01-14,2026-02-03,2026-02-03,20174.0,2026-01-13,2026-01-28,2026-01-31,NONE
BOL202600498,CTR-1091,2026-05-01,2026-05-29,2026-06-01,15933.4,2026-04-28,2026-04-30,2026-05-12,CARRIER_ERROR
BOL202600499,CTR-1096,2026-04-09,2026-05-06,2026-05-06,18336.1,2026-04-06,2026-04-17,2026-04-18,NONE
BOL202600500,CTR-1031,2026-02-14,2026-03-16,2026-03-16,13227.3,2026-02-11,2026-02-27,2026-03-08,NONE
BOL202600501,CTR-1069,2026-03-15,2026-04-05,2026-04-10,18253.0,2026-03-14,2026-03-25,2026-03-28,WEATHER
BOL202600502,CTR-1106,2026-01-10,2026-02-05,2026-02-05,10004.6,2026-01-09,2026-01-12,2026-01-17,NONE
BOL202600503,CTR-1002,2026-04-13,2026-05-09,2026-05-09,16487.2,2026-04-12,2026-04-22,2026-04-23,NONE
BOL202600504,CTR-1120,2026-01-18,2026-02-04,2026-02-04,21618.2,2026-01-15,2026-01-31,2026-02-10,NONE
BOL202600505,CTR-1081,2026-03-31,2026-04-26,2026-04-26,14424.1,2026-03-28,2026-04-02,2026-04-10,NONE
BOL202600506,CTR-1013,2026-04-14,2026-04-29,2026-04-29,16514.2,2026-04-13,2026-04-23,2026-04-25,NONE
BOL202600507,CTR-1120,2026-05-09,2026-06-02,2026-06-02,11872.1,2026-05-06,2026-05-12,2026-05-21,NONE
BOL202600508,CTR-1078,2026-05-28,2026-06-20,2026-06-20,25456.9,2026-05-25,2026-06-03,2026-06-07,NONE
BOL202600509,CTR-1029,2026-03-28,2026-04-26,2026-04-26,24344.4,2026-03-27,2026-04-05,2026-04-07,NONE
BOL202600510,CTR-1098,2026-03-08,2026-03-25,2026-03-25,22618.5,2026-03-07,2026-03-19,2026-03-31,NONE
BOL202600511,CTR-1130,2026-02-28,2026-03-25,2026-03-25,15649.5,2026-02-25,2026-02-27,2026-03-11,NONE
BOL202600512,CTR-1083,2026-03-09,2026-03-31,2026-03-31,16382.9,2026-03-06,2026-03-21,2026-03-27,NONE
BOL202600513,CTR-1115,2026-01-20,2026-02-09,2026-02-09,15656.6,2026-01-17,2026-01-23,2026-01-26,NONE
BOL202600514,CTR-1057,2026-02-18,2026-03-20,2026-03-20,13757.8,2026-02-17,2026-03-04,2026-03-09,NONE
BOL202600515,CTR-1096,2026-02-22,2026-03-16,2026-03-16,13995.1,2026-02-19,2026-02-26,2026-03-01,NONE
BOL202600516,CTR-1116,2026-01-28,2026-02-15,2026-02-15,20813.0,2026-01-25,2026-02-03,2026-02-13,NONE
BOL202600517,CTR-1112,2026-01-02,2026-01-18,2026-01-18,15939.1,2025-12-31,2026-01-09,2026-01-19,NONE
BOL202600518,CTR-1089,2026-03-12,2026-04-11,2026-04-11,22228.2,2026-03-09,2026-03-15,2026-03-22,NONE
BOL202600519,CTR-1101,2026-02-26,2026-03-17,2026-03-21,25034.5,2026-02-25,2026-03-07,2026-03-13,CUSTOMS_HOLD
BOL202600520,CTR-1075,2026-04-11,2026-05-01,2026-05-01,11925.9,2026-04-08,2026-04-17,2026-04-23,NONE
BOL202600521,CTR-1034,2026-01-03,2026-01-18,2026-01-18,16070.8,2026-01-02,2026-01-09,2026-01-15,NONE
BOL202600522,CTR-1127,2026-03-08,2026-03-28,2026-03-28,13794.2,2026-03-06,2026-03-17,2026-03-23,NONE
BOL202600523,CTR-1030,2026-04-04,2026-04-24,2026-04-24,13368.5,2026-04-01,2026-04-15,2026-04-21,NONE
BOL202600524,CTR-1064,2026-04-04,2026-05-01,2026-05-01,12878.2,2026-04-03,2026-04-14,2026-04-25,NONE
BOL202600525,CTR-1106,2026-02-28,2026-03-18,2026-03-18,22865.4,2026-02-25,2026-03-05,2026-03-12,NONE
BOL202600526,CTR-1033,2026-02-20,2026-03-11,2026-03-11,21816.7,2026-02-18,2026-03-04,2026-03-05,NONE
BOL202600527,CTR-1099,2026-02-15,2026-03-15,2026-03-15,25929.0,2026-02-12,2026-02-22,2026-03-03,NONE
BOL202600528,CTR-1027,2026-03-22,2026-04-21,2026-04-21,18994.2,2026-03-19,2026-03-21,2026-03-28,NONE
BOL202600529,CTR-1015,2026-01-26,2026-02-15,2026-02-18,23423.5,2026-01-25,2026-02-03,2026-02-15,CUSTOMS_HOLD
BOL202600530,CTR-1024,2026-03-27,2026-04-19,2026-04-19,18965.6,2026-03-25,2026-04-01,2026-04-02,NONE
BOL202600531,CTR-1016,2026-04-16,2026-05-04,2026-05-04,20873.4,2026-04-13,2026-04-18,2026-04-28,NONE
BOL202600532,CTR-1036,2026-05-28,2026-06-17,2026-06-17,14553.7,2026-05-26,2026-06-07,2026-06-16,NONE
BOL202600533,CTR-1138,2026-05-05,2026-06-03,2026-06-03,16097.1,2026-05-03,2026-05-12,2026-05-23,NONE
BOL202600534,CTR-1065,2026-02-07,2026-02-27,2026-02-27,24857.1,2026-02-05,2026-02-17,2026-02-27,NONE
BOL202600535,CTR-1137,2026-05-27,2026-06-23,2026-06-23,11141.5,2026-05-26,2026-06-02,2026-06-06,NONE
BOL202600536,CTR-1059,2026-03-22,2026-04-16,2026-04-16,21366.9,2026-03-19,2026-03-31,2026-04-07,NONE
BOL202600537,CTR-1034,2026-03-11,2026-04-09,2026-04-09,25020.3,2026-03-08,2026-03-19,2026-03-28,NONE
BOL202600538,CTR-1066,2026-04-26,2026-05-24,2026-05-24,23667.4,2026-04-25,2026-05-08,2026-05-12,NONE
BOL202600539,CTR-1046,2026-03-06,2026-03-23,2026-03-23,16352.7,2026-03-05,2026-03-08,2026-03-16,NONE
BOL202600540,CTR-1113,2026-05-21,2026-06-06,2026-06-10,22239.9,2026-05-20,2026-05-23,2026-05-28,WEATHER
BOL202600541,CTR-1036,2026-02-09,2026-02-26,2026-02-26,24167.5,2026-02-07,2026-02-12,2026-02-16,NONE
BOL202600542,CTR-1137,2026-03-14,2026-04-12,2026-04-12,12100.4,2026-03-13,2026-03-15,2026-03-16,NONE
BOL202600543,CTR-1006,2026-04-02,2026-04-27,2026-04-27,17475.1,2026-03-30,2026-04-15,2026-04-20,NONE
BOL202600544,CTR-1020,2026-05-21,2026-06-19,2026-06-19,25175.8,2026-05-18,2026-05-22,2026-06-01,NONE
BOL202600545,CTR-1029,2026-04-27,2026-05-25,2026-05-25,20232.5,2026-04-25,2026-05-11,2026-05-17,NONE
BOL202600546,CTR-1093,2026-05-04,2026-05-26,2026-05-26,17069.8,2026-05-02,2026-05-10,2026-05-15,NONE
BOL202600547,CTR-1094,2026-02-09,2026-03-05,2026-03-10,15502.2,2026-02-07,2026-02-17,2026-02-18,CARRIER_ERROR
BOL202600548,CTR-1141,2026-05-06,2026-06-05,2026-06-05,22253.9,2026-05-04,2026-05-15,2026-05-19,NONE
BOL202600549,CTR-1022,2026-01-02,2026-01-28,2026-01-28,24114.6,2025-12-31,2026-01-08,2026-01-12,NONE
BOL202600550,CTR-1076,2026-02-11,2026-03-10,2026-03-10,13529.5,2026-02-10,2026-02-18,2026-03-01,NONE
BOL202600551,CTR-1111,2026-03-03,2026-03-26,2026-03-26,21886.8,2026-03-01,2026-03-09,2026-03-13,NONE
BOL202600552,CTR-1073,2026-01-18,2026-02-07,2026-02-07,11765.7,2026-01-16,2026-01-27,2026-02-04,NONE
BOL202600553,CTR-1022,2026-03-11,2026-04-10,2026-04-10,10310.3,2026-03-10,2026-03-20,2026-03-21,NONE
BOL202600554,CTR-1038,2026-02-17,2026-03-07,2026-03-07,12000.6,2026-02-15,2026-02-28,2026-03-01,NONE
BOL202600555,CTR-1048,2026-03-01,2026-03-18,2026-03-18,17897.3,2026-02-27,2026-03-07,2026-03-12,NONE
BOL202600556,CTR-1139,2026-05-08,2026-06-03,2026-06-03,22662.8,2026-05-06,2026-05-09,2026-05-12,NONE
BOL202600557,CTR-1024,2026-01-15,2026-02-07,2026-02-07,11142.2,2026-01-13,2026-01-17,2026-01-21,NONE
BOL202600558,CTR-1082,2026-03-06,2026-04-02,2026-04-02,11951.4,2026-03-03,2026-03-08,2026-03-15,NONE
BOL202600559,CTR-1023,2026-04-24,2026-05-16,2026-05-16,10536.2,2026-04-22,2026-05-05,2026-05-07,NONE
BOL202600560,CTR-1052,2026-05-14,2026-06-04,2026-06-04,20903.1,2026-05-12,2026-05-28,2026-06-03,NONE
BOL202600561,CTR-1084,2026-02-10,2026-02-26,2026-02-26,18793.3,2026-02-09,2026-02-15,2026-02-23,NONE
BOL202600562,CTR-1035,2026-03-18,2026-04-08,2026-04-08,10833.4,2026-03-15,2026-03-20,2026-03-22,NONE
BOL202600563,CTR-1106,2026-03-02,2026-03-30,2026-03-30,12677.8,2026-02-28,2026-03-11,2026-03-13,NONE
BOL202600564,CTR-1072,2026-04-12,2026-05-04,2026-05-05,22535.6,2026-04-10,2026-04-23,2026-05-03,WEATHER
BOL202600565,CTR-1053,2026-02-09,2026-03-07,2026-03-07,13979.6,2026-02-07,2026-02-10,2026-02-21,NONE
BOL202600566,CTR-1037,2026-03-28,2026-04-13,2026-04-15,18581.7,2026-03-27,2026-03-31,2026-04-08,WEATHER
BOL202600567,CTR-1064,2026-03-01,2026-03-26,2026-03-26,22617.0,2026-02-27,2026-03-13,2026-03-21,NONE
BOL202600568,CTR-1026,2026-02-19,2026-03-06,2026-03-06,15730.7,2026-02-18,2026-02-24,2026-02-25,NONE
BOL202600569,CTR-1113,2026-05-05,2026-06-03,2026-06-03,18683.7,2026-05-03,2026-05-08,2026-05-18,NONE
BOL202600570,CTR-1042,2026-02-17,2026-03-15,2026-03-15,17494.3,2026-02-14,2026-03-02,2026-03-11,NONE
BOL202600571,CTR-1052,2026-02-11,2026-02-28,2026-02-28,17190.1,2026-02-09,2026-02-19,2026-02-25,NONE
BOL202600572,CTR-1010,2026-04-27,2026-05-12,2026-05-12,18095.3,2026-04-24,2026-04-28,2026-04-29,NONE
BOL202600573,CTR-1006,2026-04-04,2026-04-26,2026-04-26,11013.5,2026-04-01,2026-04-16,2026-04-23,NONE
BOL202600574,CTR-1079,2026-02-18,2026-03-20,2026-03-20,12466.1,2026-02-16,2026-02-23,2026-03-02,NONE
BOL202600575,CTR-1082,2026-03-24,2026-04-11,2026-04-12,23363.1,2026-03-23,2026-03-27,2026-03-28,CARRIER_ERROR
BOL202600576,CTR-1143,2026-02-21,2026-03-11,2026-03-11,11580.1,2026-02-18,2026-03-02,2026-03-09,NONE
BOL202600577,CTR-1025,2026-05-06,2026-05-29,2026-05-31,21485.5,2026-05-05,2026-05-21,2026-05-25,WEATHER
BOL202600578,CTR-1091,2026-05-06,2026-05-23,2026-05-23,20222.7,2026-05-04,2026-05-14,2026-05-26,NONE
BOL202600579,CTR-1103,2026-04-17,2026-05-13,2026-05-13,10932.8,2026-04-14,2026-04-20,2026-04-29,NONE
BOL202600580,CTR-1023,2026-01-11,2026-01-28,2026-01-28,11247.0,2026-01-10,2026-01-20,2026-01-22,NONE
BOL202600581,CTR-1052,2026-01-26,2026-02-17,2026-02-17,13031.4,2026-01-23,2026-02-04,2026-02-08,NONE
BOL202600582,CTR-1016,2026-05-26,2026-06-15,2026-06-15,18930.3,2026-05-23,2026-05-26,2026-06-06,NONE
BOL202600583,CTR-1082,2026-05-28,2026-06-23,2026-06-23,21240.8,2026-05-26,2026-06-11,2026-06-13,NONE
BOL202600584,CTR-1064,2026-02-12,2026-03-04,2026-03-04,18075.1,2026-02-09,2026-02-13,2026-02-22,NONE
BOL202600585,CTR-1060,2026-04-24,2026-05-20,2026-05-20,18801.3,2026-04-22,2026-05-07,2026-05-13,NONE
BOL202600586,CTR-1043,2026-04-16,2026-05-14,2026-05-14,15175.2,2026-04-15,2026-04-26,2026-05-05,NONE
BOL202600587,CTR-1106,2026-02-24,2026-03-23,2026-03-23,24818.4,2026-02-22,2026-03-01,2026-03-09,NONE
BOL202600588,CTR-1080,2026-04-25,2026-05-22,2026-05-23,19532.2,2026-04-22,2026-04-26,2026-05-01,CUSTOMS_HOLD
BOL202600589,CTR-1104,2026-01-02,2026-01-26,2026-01-26,13437.2,2025-12-31,2026-01-02,2026-01-14,NONE
BOL202600590,CTR-1089,2026-03-12,2026-03-31,2026-04-04,12497.7,2026-03-10,2026-03-17,2026-03-27,CUSTOMS_HOLD
BOL202600591,CTR-1006,2026-03-05,2026-03-27,2026-03-27,14804.8,2026-03-02,2026-03-10,2026-03-20,NONE
BOL202600592,CTR-1127,2026-02-25,2026-03-14,2026-03-14,22686.5,2026-02-24,2026-03-05,2026-03-17,NONE
BOL202600593,CTR-1054,2026-05-28,2026-06-15,2026-06-15,14806.3,2026-05-25,2026-06-08,2026-06-18,NONE
BOL202600594,CTR-1008,2026-04-08,2026-04-25,2026-04-25,24749.9,2026-04-06,2026-04-13,2026-04-20,NONE
BOL202600595,CTR-1132,2026-04-17,2026-05-05,2026-05-05,13627.5,2026-04-14,2026-04-29,2026-05-09,NONE
BOL202600596,CTR-1048,2026-01-03,2026-01-30,2026-02-04,15109.1,2025-12-31,2026-01-04,2026-01-10,CARRIER_ERROR
BOL202600597,CTR-1096,2026-05-09,2026-05-31,2026-05-31,20778.2,2026-05-07,2026-05-16,2026-05-26,NONE
BOL202600598,CTR-1003,2026-05-28,2026-06-14,2026-06-14,14636.5,2026-05-26,2026-05-30,2026-06-02,NONE
BOL202600599,CTR-1141,2026-03-28,2026-04-14,2026-04-14,21925.0,2026-03-25,2026-04-02,2026-04-07,NONE
BOL202600600,CTR-1077,2026-01-22,2026-02-18,2026-02-18,22381.2,2026-01-21,2026-02-04,2026-02-07,NONE
BOL202600601,CTR-1012,2026-05-04,2026-05-25,2026-05-25,20436.0,2026-05-03,2026-05-13,2026-05-23,NONE
BOL202600602,CTR-1019,2026-05-15,2026-06-06,2026-06-06,14260.1,2026-05-13,2026-05-20,2026-05-31,NONE
BOL202600603,CTR-1084,2026-05-28,2026-06-14,2026-06-14,16617.3,2026-05-26,2026-06-02,2026-06-06,NONE
BOL202600604,CTR-1111,2026-03-24,2026-04-19,2026-04-19,10387.3,2026-03-22,2026-03-26,2026-04-01,NONE
BOL202600605,CTR-1058,2026-04-24,2026-05-13,2026-05-13,24787.4,2026-04-23,2026-04-28,2026-05-09,NONE
BOL202600606,CTR-1104,2026-04-06,2026-04-25,2026-04-25,23644.2,2026-04-05,2026-04-18,2026-04-19,NONE
BOL202600607,CTR-1005,2026-03-04,2026-03-23,2026-03-23,23122.1,2026-03-03,2026-03-10,2026-03-22,NONE
BOL202600608,CTR-1106,2026-01-29,2026-02-22,2026-02-22,10364.0,2026-01-28,2026-02-10,2026-02-19,NONE
BOL202600609,CTR-1027,2026-02-24,2026-03-17,2026-03-17,22005.7,2026-02-21,2026-03-02,2026-03-12,NONE
BOL202600610,CTR-1035,2026-02-06,2026-02-21,2026-02-21,24496.6,2026-02-03,2026-02-05,2026-02-10,NONE
BOL202600611,CTR-1067,2026-02-13,2026-03-01,2026-03-01,22627.0,2026-02-10,2026-02-16,2026-02-17,NONE
BOL202600612,CTR-1001,2026-04-30,2026-05-15,2026-05-18,23633.3,2026-04-27,2026-05-04,2026-05-06,WEATHER
BOL202600613,CTR-1018,2026-01-05,2026-01-29,2026-01-29,20390.6,2026-01-04,2026-01-12,2026-01-21,NONE
BOL202600614,CTR-1120,2026-01-26,2026-02-20,2026-02-20,19553.7,2026-01-25,2026-01-29,2026-02-02,NONE
BOL202600615,CTR-1042,2026-05-09,2026-06-07,2026-06-07,21399.5,2026-05-08,2026-05-13,2026-05-22,NONE
BOL202600616,CTR-1113,2026-03-20,2026-04-14,2026-04-14,21910.3,2026-03-19,2026-03-26,2026-04-06,NONE
BOL202600617,CTR-1050,2026-04-01,2026-04-27,2026-04-27,13779.3,2026-03-29,2026-04-04,2026-04-05,NONE
BOL202600618,CTR-1137,2026-03-07,2026-04-03,2026-04-03,23037.7,2026-03-06,2026-03-16,2026-03-21,NONE
BOL202600619,CTR-1054,2026-02-27,2026-03-18,2026-03-18,16285.5,2026-02-26,2026-03-01,2026-03-13,NONE
BOL202600620,CTR-1008,2026-04-08,2026-04-30,2026-04-30,19166.4,2026-04-06,2026-04-12,2026-04-22,NONE
BOL202600621,CTR-1091,2026-03-26,2026-04-24,2026-04-24,13308.1,2026-03-25,2026-04-05,2026-04-14,NONE
BOL202600622,CTR-1048,2026-02-21,2026-03-12,2026-03-12,21282.2,2026-02-18,2026-03-06,2026-03-09,NONE
BOL202600623,CTR-1051,2026-04-21,2026-05-10,2026-05-10,19037.5,2026-04-20,2026-04-27,2026-04-29,NONE
BOL202600624,CTR-1086,2026-05-23,2026-06-10,2026-06-10,23432.4,2026-05-22,2026-06-04,2026-06-05,NONE
BOL202600625,CTR-1111,2026-03-23,2026-04-20,2026-04-20,14853.6,2026-03-20,2026-04-05,2026-04-16,NONE
BOL202600626,CTR-1029,2026-03-12,2026-03-31,2026-03-31,11708.3,2026-03-11,2026-03-13,2026-03-23,NONE
BOL202600627,CTR-1070,2026-03-10,2026-04-01,2026-04-01,13694.6,2026-03-09,2026-03-16,2026-03-18,NONE
BOL202600628,CTR-1011,2026-05-03,2026-05-22,2026-05-22,19675.4,2026-04-30,2026-05-12,2026-05-18,NONE
BOL202600629,CTR-1051,2026-02-17,2026-03-16,2026-03-16,12200.2,2026-02-16,2026-02-21,2026-02-22,NONE
BOL202600630,CTR-1053,2026-04-15,2026-04-30,2026-04-30,25203.2,2026-04-14,2026-04-27,2026-05-08,NONE
BOL202600631,CTR-1005,2026-02-21,2026-03-14,2026-03-18,17839.1,2026-02-19,2026-03-06,2026-03-14,WEATHER
BOL202600632,CTR-1099,2026-03-05,2026-04-02,2026-04-02,10669.2,2026-03-02,2026-03-17,2026-03-24,NONE
BOL202600633,CTR-1023,2026-03-22,2026-04-18,2026-04-18,21879.5,2026-03-19,2026-03-29,2026-04-07,NONE
BOL202600634,CTR-1110,2026-01-10,2026-01-28,2026-01-28,23232.2,2026-01-09,2026-01-25,2026-01-29,NONE
BOL202600635,CTR-1037,2026-05-13,2026-06-09,2026-06-09,10628.0,2026-05-11,2026-05-21,2026-06-01,NONE
BOL202600636,CTR-1144,2026-01-13,2026-02-03,2026-02-03,16368.6,2026-01-11,2026-01-25,2026-01-30,NONE
BOL202600637,CTR-1027,2026-04-29,2026-05-19,2026-05-19,19810.1,2026-04-28,2026-05-11,2026-05-20,NONE
BOL202600638,CTR-1061,2026-02-06,2026-03-07,2026-03-07,17227.2,2026-02-03,2026-02-13,2026-02-15,NONE
BOL202600639,CTR-1044,2026-02-16,2026-03-07,2026-03-07,15175.4,2026-02-15,2026-02-19,2026-02-27,NONE
BOL202600640,CTR-1083,2026-02-21,2026-03-22,2026-03-25,20377.2,2026-02-18,2026-03-04,2026-03-07,WEATHER
BOL202600641,CTR-1024,2026-02-01,2026-02-18,2026-02-18,17190.4,2026-01-30,2026-02-02,2026-02-11,NONE
BOL202600642,CTR-1020,2026-04-09,2026-04-29,2026-04-29,16089.7,2026-04-08,2026-04-24,2026-04-30,NONE
BOL202600643,CTR-1056,2026-05-25,2026-06-13,2026-06-13,12313.7,2026-05-22,2026-05-24,2026-05-31,NONE
BOL202600644,CTR-1072,2026-03-20,2026-04-13,2026-04-13,25375.5,2026-03-18,2026-03-30,2026-04-02,NONE
BOL202600645,CTR-1144,2026-01-31,2026-02-19,2026-02-19,10056.5,2026-01-29,2026-01-31,2026-02-08,NONE
BOL202600646,CTR-1084,2026-05-08,2026-06-07,2026-06-07,10092.0,2026-05-06,2026-05-11,2026-05-15,NONE
BOL202600647,CTR-1088,2026-05-31,2026-06-30,2026-06-30,17070.0,2026-05-28,2026-06-08,2026-06-09,NONE
BOL202600648,CTR-1039,2026-03-04,2026-03-27,2026-03-27,18920.8,2026-03-03,2026-03-05,2026-03-08,NONE
BOL202600649,CTR-1065,2026-02-07,2026-02-23,2026-02-23,10587.5,2026-02-06,2026-02-18,2026-02-28,NONE
BOL202600650,CTR-1022,2026-03-18,2026-04-12,2026-04-12,10784.5,2026-03-16,2026-03-20,2026-03-23,NONE
BOL202600651,CTR-1066,2026-03-14,2026-04-03,2026-04-03,21989.4,2026-03-12,2026-03-28,2026-03-29,NONE
BOL202600652,CTR-1136,2026-01-24,2026-02-17,2026-02-17,24360.5,2026-01-23,2026-02-06,2026-02-13,NONE
BOL202600653,CTR-1046,2026-05-21,2026-06-07,2026-06-07,12152.7,2026-05-18,2026-06-02,2026-06-07,NONE
BOL202600654,CTR-1135,2026-03-26,2026-04-23,2026-04-23,21133.3,2026-03-23,2026-03-25,2026-03-27,NONE
BOL202600655,CTR-1130,2026-05-27,2026-06-13,2026-06-13,21018.5,2026-05-24,2026-05-30,2026-06-06,NONE
BOL202600656,CTR-1074,2026-03-23,2026-04-15,2026-04-15,25920.4,2026-03-21,2026-04-06,2026-04-09,NONE
BOL202600657,CTR-1038,2026-05-25,2026-06-24,2026-06-24,20109.7,2026-05-23,2026-06-06,2026-06-09,NONE
BOL202600658,CTR-1106,2026-03-01,2026-03-25,2026-03-25,10025.3,2026-02-28,2026-03-09,2026-03-20,NONE
BOL202600659,CTR-1139,2026-01-31,2026-02-21,2026-02-21,25983.8,2026-01-29,2026-01-31,2026-02-06,NONE
BOL202600660,CTR-1115,2026-03-31,2026-04-21,2026-04-23,14506.0,2026-03-30,2026-04-05,2026-04-10,WEATHER
BOL202600661,CTR-1063,2026-05-10,2026-06-04,2026-06-04,11821.4,2026-05-08,2026-05-15,2026-05-22,NONE
BOL202600662,CTR-1122,2026-05-26,2026-06-10,2026-06-10,13104.2,2026-05-24,2026-06-09,2026-06-20,NONE
BOL202600663,CTR-1141,2026-05-03,2026-06-02,2026-06-02,20330.4,2026-05-01,2026-05-05,2026-05-16,NONE
BOL202600664,CTR-1121,2026-04-28,2026-05-23,2026-05-23,23026.7,2026-04-25,2026-04-27,2026-05-06,NONE
BOL202600665,CTR-1122,2026-03-18,2026-04-12,2026-04-12,10299.5,2026-03-15,2026-03-27,2026-04-02,NONE
BOL202600666,CTR-1012,2026-04-01,2026-04-18,2026-04-18,14487.4,2026-03-31,2026-04-07,2026-04-14,NONE
BOL202600667,CTR-1068,2026-05-17,2026-06-06,2026-06-06,16233.1,2026-05-14,2026-05-17,2026-05-22,NONE
BOL202600668,CTR-1091,2026-03-22,2026-04-07,2026-04-07,11388.8,2026-03-21,2026-03-28,2026-04-05,NONE
BOL202600669,CTR-1056,2026-03-19,2026-04-09,2026-04-09,12800.2,2026-03-17,2026-03-31,2026-04-01,NONE
BOL202600670,CTR-1052,2026-02-21,2026-03-10,2026-03-10,10399.0,2026-02-19,2026-03-07,2026-03-16,NONE
BOL202600671,CTR-1033,2026-02-09,2026-03-02,2026-03-02,17735.6,2026-02-06,2026-02-12,2026-02-18,NONE
BOL202600672,CTR-1054,2026-02-06,2026-02-24,2026-02-24,25008.4,2026-02-03,2026-02-07,2026-02-11,NONE
BOL202600673,CTR-1040,2026-01-10,2026-02-08,2026-02-08,23837.0,2026-01-09,2026-01-11,2026-01-16,NONE
BOL202600674,CTR-1001,2026-01-12,2026-01-29,2026-01-29,24227.0,2026-01-11,2026-01-21,2026-02-01,NONE
BOL202600675,CTR-1118,2026-03-21,2026-04-05,2026-04-05,14994.3,2026-03-20,2026-03-27,2026-03-31,NONE
BOL202600676,CTR-1006,2026-02-19,2026-03-15,2026-03-15,15106.4,2026-02-17,2026-03-01,2026-03-03,NONE
BOL202600677,CTR-1132,2026-03-11,2026-03-30,2026-03-30,11831.4,2026-03-08,2026-03-18,2026-03-27,NONE
BOL202600678,CTR-1024,2026-01-27,2026-02-17,2026-02-17,18789.9,2026-01-25,2026-01-29,2026-02-10,NONE
BOL202600679,CTR-1085,2026-03-14,2026-04-05,2026-04-05,14982.0,2026-03-12,2026-03-22,2026-03-30,NONE
BOL202600680,CTR-1035,2026-01-13,2026-02-01,2026-02-02,16137.6,2026-01-12,2026-01-20,2026-01-27,CARRIER_ERROR
BOL202600681,CTR-1081,2026-02-15,2026-03-16,2026-03-16,14999.1,2026-02-14,2026-02-27,2026-03-10,NONE
BOL202600682,CTR-1114,2026-05-17,2026-06-03,2026-06-03,22091.9,2026-05-15,2026-05-26,2026-05-29,NONE
BOL202600683,CTR-1060,2026-01-24,2026-02-22,2026-02-25,20310.7,2026-01-22,2026-01-31,2026-02-04,WEATHER
BOL202600684,CTR-1097,2026-02-27,2026-03-18,2026-03-18,19871.1,2026-02-25,2026-03-05,2026-03-08,NONE
BOL202600685,CTR-1088,2026-03-26,2026-04-20,2026-04-20,10484.2,2026-03-24,2026-03-27,2026-04-02,NONE
BOL202600686,CTR-1065,2026-05-03,2026-06-01,2026-06-01,14516.1,2026-05-01,2026-05-12,2026-05-22,NONE
BOL202600687,CTR-1101,2026-02-02,2026-02-20,2026-02-20,21428.4,2026-02-01,2026-02-08,2026-02-17,NONE
BOL202600688,CTR-1068,2026-01-19,2026-02-12,2026-02-12,16413.1,2026-01-17,2026-01-22,2026-02-01,NONE
BOL202600689,CTR-1110,2026-03-04,2026-03-24,2026-03-24,16141.1,2026-03-02,2026-03-07,2026-03-19,NONE
BOL202600690,CTR-1069,2026-04-21,2026-05-19,2026-05-19,15475.2,2026-04-18,2026-04-23,2026-04-26,NONE
BOL202600691,CTR-1113,2026-01-20,2026-02-19,2026-02-19,19537.2,2026-01-18,2026-01-28,2026-01-30,NONE
BOL202600692,CTR-1020,2026-04-24,2026-05-14,2026-05-14,16492.7,2026-04-21,2026-04-24,2026-05-05,NONE
BOL202600693,CTR-1096,2026-04-08,2026-05-03,2026-05-03,20562.6,2026-04-07,2026-04-12,2026-04-15,NONE
BOL202600694,CTR-1036,2026-05-29,2026-06-13,2026-06-13,20574.1,2026-05-27,2026-06-06,2026-06-11,NONE
BOL202600695,CTR-1072,2026-04-10,2026-05-09,2026-05-09,20904.3,2026-04-08,2026-04-14,2026-04-24,NONE
BOL202600696,CTR-1037,2026-03-19,2026-04-16,2026-04-16,24641.9,2026-03-18,2026-03-29,2026-03-30,NONE
BOL202600697,CTR-1033,2026-05-11,2026-06-07,2026-06-07,23640.1,2026-05-10,2026-05-17,2026-05-26,NONE
BOL202600698,CTR-1037,2026-01-14,2026-01-29,2026-01-29,23132.1,2026-01-12,2026-01-15,2026-01-20,NONE
BOL202600699,CTR-1101,2026-01-08,2026-01-30,2026-01-30,19442.6,2026-01-05,2026-01-12,2026-01-24,NONE
BOL202600700,CTR-1033,2026-04-08,2026-05-05,2026-05-05,18721.9,2026-04-05,2026-04-09,2026-04-17,NONE
BOL202600701,CTR-1077,2026-02-05,2026-02-26,2026-02-26,23493.2,2026-02-03,2026-02-18,2026-02-25,NONE
BOL202600702,CTR-1047,2026-02-09,2026-03-05,2026-03-05,20721.1,2026-02-08,2026-02-10,2026-02-12,NONE
BOL202600703,CTR-1015,2026-01-05,2026-01-24,2026-01-24,17787.2,2026-01-03,2026-01-07,2026-01-09,NONE
BOL202600704,CTR-1023,2026-02-05,2026-03-05,2026-03-05,24297.3,2026-02-02,2026-02-13,2026-02-20,NONE
BOL202600705,CTR-1039,2026-02-16,2026-03-17,2026-03-17,18832.8,2026-02-14,2026-02-22,2026-02-28,NONE
BOL202600706,CTR-1074,2026-02-27,2026-03-19,2026-03-19,10118.9,2026-02-25,2026-03-12,2026-03-24,NONE
BOL202600707,CTR-1115,2026-03-02,2026-03-25,2026-03-25,18738.7,2026-02-28,2026-03-02,2026-03-03,NONE
BOL202600708,CTR-1015,2026-05-26,2026-06-25,2026-06-25,11810.6,2026-05-24,2026-06-06,2026-06-08,NONE
BOL202600709,CTR-1121,2026-02-06,2026-03-01,2026-03-01,11251.8,2026-02-03,2026-02-06,2026-02-10,NONE
BOL202600710,CTR-1082,2026-05-01,2026-05-18,2026-05-18,18627.2,2026-04-28,2026-05-04,2026-05-14,NONE
BOL202600711,CTR-1139,2026-01-14,2026-02-08,2026-02-08,10172.5,2026-01-12,2026-01-22,2026-01-30,NONE
BOL202600712,CTR-1047,2026-05-27,2026-06-21,2026-06-21,25369.3,2026-05-25,2026-05-31,2026-06-03,NONE
BOL202600713,CTR-1120,2026-01-10,2026-02-03,2026-02-03,19019.3,2026-01-09,2026-01-21,2026-01-29,NONE
BOL202600714,CTR-1095,2026-05-29,2026-06-18,2026-06-18,20501.1,2026-05-27,2026-06-10,2026-06-22,NONE
BOL202600715,CTR-1037,2026-01-07,2026-01-31,2026-01-31,12029.1,2026-01-06,2026-01-21,2026-01-26,NONE
BOL202600716,CTR-1141,2026-03-06,2026-03-25,2026-03-25,14403.5,2026-03-04,2026-03-06,2026-03-18,NONE
BOL202600717,CTR-1080,2026-01-29,2026-02-18,2026-02-18,21823.5,2026-01-26,2026-02-04,2026-02-10,NONE
BOL202600718,CTR-1078,2026-02-14,2026-03-09,2026-03-09,13779.1,2026-02-13,2026-02-27,2026-03-08,NONE
BOL202600719,CTR-1141,2026-01-09,2026-02-03,2026-02-03,25477.5,2026-01-06,2026-01-22,2026-01-25,NONE
BOL202600720,CTR-1015,2026-05-07,2026-06-04,2026-06-04,13807.2,2026-05-05,2026-05-18,2026-05-29,NONE
BOL202600721,CTR-1005,2026-02-12,2026-03-05,2026-03-05,23469.3,2026-02-11,2026-02-23,2026-02-28,NONE
BOL202600722,CTR-1023,2026-01-30,2026-02-15,2026-02-15,16379.9,2026-01-28,2026-02-06,2026-02-18,NONE
BOL202600723,CTR-1010,2026-05-17,2026-06-08,2026-06-08,21289.7,2026-05-15,2026-05-21,2026-05-24,NONE
BOL202600724,CTR-1096,2026-05-16,2026-06-13,2026-06-17,20855.9,2026-05-13,2026-05-25,2026-05-26,CUSTOMS_HOLD
BOL202600725,CTR-1081,2026-01-25,2026-02-20,2026-02-20,16908.6,2026-01-22,2026-02-06,2026-02-11,NONE
BOL202600726,CTR-1133,2026-03-27,2026-04-19,2026-04-19,11572.4,2026-03-24,2026-04-04,2026-04-11,NONE
BOL202600727,CTR-1053,2026-04-29,2026-05-21,2026-05-21,19419.6,2026-04-28,2026-05-08,2026-05-14,NONE
BOL202600728,CTR-1104,2026-02-16,2026-03-13,2026-03-13,20764.8,2026-02-15,2026-02-17,2026-02-24,NONE
BOL202600729,CTR-1007,2026-01-26,2026-02-13,2026-02-13,15624.3,2026-01-23,2026-01-29,2026-02-03,NONE
BOL202600730,CTR-1098,2026-02-19,2026-03-07,2026-03-08,25016.1,2026-02-16,2026-03-04,2026-03-08,CARRIER_ERROR
BOL202600731,CTR-1017,2026-02-01,2026-02-19,2026-02-24,16015.3,2026-01-29,2026-02-09,2026-02-12,CARRIER_ERROR
BOL202600732,CTR-1088,2026-01-29,2026-02-18,2026-02-18,17471.3,2026-01-28,2026-02-09,2026-02-17,NONE
BOL202600733,CTR-1099,2026-03-12,2026-04-09,2026-04-09,20681.3,2026-03-10,2026-03-16,2026-03-19,NONE
BOL202600734,CTR-1036,2026-01-19,2026-02-11,2026-02-11,16124.8,2026-01-17,2026-01-19,2026-01-24,NONE
BOL202600735,CTR-1085,2026-03-09,2026-03-29,2026-03-29,17867.5,2026-03-08,2026-03-19,2026-03-26,NONE
BOL202600736,CTR-1053,2026-02-15,2026-03-17,2026-03-17,18650.1,2026-02-13,2026-02-18,2026-02-28,NONE
BOL202600737,CTR-1076,2026-01-28,2026-02-26,2026-02-26,11652.6,2026-01-27,2026-01-30,2026-02-09,NONE
BOL202600738,CTR-1087,2026-03-06,2026-04-04,2026-04-08,20445.8,2026-03-05,2026-03-21,2026-03-22,CARRIER_ERROR
BOL202600739,CTR-1028,2026-04-10,2026-05-03,2026-05-03,15277.3,2026-04-08,2026-04-19,2026-04-20,NONE
BOL202600740,CTR-1039,2026-05-12,2026-06-11,2026-06-11,16462.6,2026-05-09,2026-05-23,2026-05-25,NONE
BOL202600741,CTR-1029,2026-05-19,2026-06-10,2026-06-14,19075.9,2026-05-17,2026-05-24,2026-06-04,CARRIER_ERROR
BOL202600742,CTR-1137,2026-03-19,2026-04-15,2026-04-16,18554.0,2026-03-17,2026-03-20,2026-03-28,CUSTOMS_HOLD
BOL202600743,CTR-1135,2026-03-16,2026-04-06,2026-04-06,10629.3,2026-03-14,2026-03-26,2026-03-30,NONE
BOL202600744,CTR-1028,2026-03-18,2026-04-14,2026-04-14,20089.9,2026-03-16,2026-03-25,2026-03-27,NONE
BOL202600745,CTR-1059,2026-04-23,2026-05-14,2026-05-14,13089.5,2026-04-20,2026-05-01,2026-05-05,NONE
BOL202600746,CTR-1139,2026-05-06,2026-06-02,2026-06-07,14923.7,2026-05-03,2026-05-18,2026-05-26,WEATHER
BOL202600747,CTR-1043,2026-01-05,2026-01-21,2026-01-21,15403.5,2026-01-02,2026-01-04,2026-01-11,NONE
BOL202600748,CTR-1020,2026-01-31,2026-02-21,2026-02-21,20677.1,2026-01-29,2026-02-10,2026-02-19,NONE
BOL202600749,CTR-1105,2026-02-08,2026-03-02,2026-03-02,10590.0,2026-02-07,2026-02-16,2026-02-27,NONE
BOL202600750,CTR-1113,2026-01-05,2026-02-04,2026-02-04,19894.0,2026-01-04,2026-01-17,2026-01-28,NONE
BOL202600751,CTR-1026,2026-02-03,2026-02-18,2026-02-18,10799.3,2026-02-01,2026-02-16,2026-02-18,NONE
BOL202600752,CTR-1009,2026-04-27,2026-05-17,2026-05-17,11023.3,2026-04-26,2026-04-29,2026-05-07,NONE
BOL202600753,CTR-1107,2026-02-26,2026-03-15,2026-03-15,16819.4,2026-02-23,2026-03-07,2026-03-14,NONE
BOL202600754,CTR-1094,2026-03-25,2026-04-12,2026-04-12,19215.5,2026-03-24,2026-03-31,2026-04-04,NONE
BOL202600755,CTR-1044,2026-01-12,2026-02-01,2026-02-01,11931.9,2026-01-11,2026-01-25,2026-02-01,NONE
BOL202600756,CTR-1013,2026-02-13,2026-03-11,2026-03-11,17018.6,2026-02-10,2026-02-12,2026-02-15,NONE
BOL202600757,CTR-1076,2026-01-26,2026-02-22,2026-02-22,10250.1,2026-01-24,2026-01-27,2026-01-28,NONE
BOL202600758,CTR-1144,2026-01-02,2026-01-22,2026-01-22,21307.9,2025-12-30,2026-01-15,2026-01-20,NONE
BOL202600759,CTR-1061,2026-04-17,2026-05-17,2026-05-17,13298.6,2026-04-14,2026-04-20,2026-04-29,NONE
BOL202600760,CTR-1091,2026-04-26,2026-05-24,2026-05-24,12792.8,2026-04-23,2026-04-25,2026-05-05,NONE
BOL202600761,CTR-1038,2026-02-16,2026-03-18,2026-03-18,11408.3,2026-02-14,2026-02-21,2026-02-28,NONE
BOL202600762,CTR-1081,2026-01-02,2026-01-24,2026-01-24,25785.7,2026-01-01,2026-01-12,2026-01-18,NONE
BOL202600763,CTR-1011,2026-05-19,2026-06-10,2026-06-10,20023.4,2026-05-18,2026-05-24,2026-05-25,NONE
BOL202600764,CTR-1071,2026-02-19,2026-03-09,2026-03-09,20963.9,2026-02-17,2026-02-26,2026-03-01,NONE
BOL202600765,CTR-1140,2026-02-10,2026-02-26,2026-03-01,13353.4,2026-02-08,2026-02-15,2026-02-25,CUSTOMS_HOLD
BOL202600766,CTR-1116,2026-04-27,2026-05-13,2026-05-13,10839.3,2026-04-24,2026-04-28,2026-05-01,NONE
BOL202600767,CTR-1100,2026-01-08,2026-02-07,2026-02-07,11133.8,2026-01-07,2026-01-20,2026-01-28,NONE
BOL202600768,CTR-1102,2026-05-29,2026-06-23,2026-06-23,21953.4,2026-05-27,2026-06-01,2026-06-03,NONE
BOL202600769,CTR-1027,2026-03-25,2026-04-16,2026-04-20,16008.5,2026-03-24,2026-03-27,2026-04-04,CARRIER_ERROR
BOL202600770,CTR-1111,2026-05-30,2026-06-29,2026-07-03,13458.6,2026-05-27,2026-06-05,2026-06-08,CARRIER_ERROR
BOL202600771,CTR-1127,2026-04-10,2026-05-06,2026-05-06,21517.1,2026-04-07,2026-04-14,2026-04-19,NONE
BOL202600772,CTR-1103,2026-02-21,2026-03-18,2026-03-18,21075.4,2026-02-20,2026-02-26,2026-03-01,NONE
BOL202600773,CTR-1127,2026-01-29,2026-02-27,2026-02-27,12739.2,2026-01-27,2026-02-01,2026-02-06,NONE
BOL202600774,CTR-1064,2026-02-10,2026-03-02,2026-03-02,18844.1,2026-02-09,2026-02-12,2026-02-19,NONE
BOL202600775,CTR-1034,2026-05-14,2026-06-13,2026-06-13,13463.1,2026-05-12,2026-05-27,2026-06-04,NONE
BOL202600776,CTR-1121,2026-03-13,2026-03-28,2026-03-28,21778.9,2026-03-12,2026-03-17,2026-03-23,NONE
BOL202600777,CTR-1046,2026-04-22,2026-05-14,2026-05-14,19468.3,2026-04-21,2026-05-07,2026-05-17,NONE
BOL202600778,CTR-1123,2026-01-02,2026-01-30,2026-01-30,10640.9,2025-12-31,2026-01-13,2026-01-22,NONE
BOL202600779,CTR-1115,2026-01-09,2026-02-06,2026-02-06,17668.3,2026-01-06,2026-01-21,2026-01-23,NONE
BOL202600780,CTR-1034,2026-04-26,2026-05-26,2026-05-26,18935.8,2026-04-25,2026-05-08,2026-05-20,NONE
BOL202600781,CTR-1031,2026-04-15,2026-05-06,2026-05-06,14732.6,2026-04-12,2026-04-15,2026-04-16,NONE
BOL202600782,CTR-1080,2026-05-03,2026-05-27,2026-05-27,17348.5,2026-04-30,2026-05-13,2026-05-23,NONE
BOL202600783,CTR-1018,2026-01-07,2026-02-05,2026-02-05,12218.0,2026-01-04,2026-01-12,2026-01-15,NONE
BOL202600784,CTR-1037,2026-04-05,2026-05-04,2026-05-04,10021.8,2026-04-02,2026-04-05,2026-04-12,NONE
BOL202600785,CTR-1109,2026-03-27,2026-04-12,2026-04-12,22046.2,2026-03-24,2026-04-04,2026-04-13,NONE
BOL202600786,CTR-1042,2026-05-28,2026-06-18,2026-06-18,11295.3,2026-05-26,2026-06-08,2026-06-09,NONE
BOL202600787,CTR-1117,2026-05-12,2026-06-07,2026-06-07,11775.5,2026-05-10,2026-05-19,2026-05-29,NONE
BOL202600788,CTR-1112,2026-01-11,2026-02-06,2026-02-06,20370.8,2026-01-08,2026-01-11,2026-01-20,NONE
BOL202600789,CTR-1130,2026-02-22,2026-03-13,2026-03-13,13818.1,2026-02-21,2026-03-05,2026-03-13,NONE
BOL202600790,CTR-1019,2026-05-29,2026-06-19,2026-06-19,22174.2,2026-05-27,2026-06-03,2026-06-08,NONE
BOL202600791,CTR-1113,2026-05-09,2026-06-06,2026-06-06,11013.9,2026-05-07,2026-05-16,2026-05-24,NONE
BOL202600792,CTR-1036,2026-05-09,2026-05-27,2026-05-27,18510.5,2026-05-06,2026-05-22,2026-05-27,NONE
BOL202600793,CTR-1007,2026-04-26,2026-05-22,2026-05-22,25125.8,2026-04-25,2026-04-30,2026-05-08,NONE
BOL202600794,CTR-1119,2026-01-23,2026-02-09,2026-02-09,12861.0,2026-01-22,2026-01-25,2026-01-28,NONE
BOL202600795,CTR-1025,2026-03-12,2026-03-30,2026-03-30,17941.3,2026-03-11,2026-03-21,2026-04-01,NONE
BOL202600796,CTR-1108,2026-01-06,2026-01-30,2026-01-30,20918.5,2026-01-05,2026-01-14,2026-01-20,NONE
BOL202600797,CTR-1061,2026-04-18,2026-05-17,2026-05-17,10343.7,2026-04-17,2026-04-20,2026-04-21,NONE
BOL202600798,CTR-1143,2026-03-01,2026-03-26,2026-03-26,15484.7,2026-02-26,2026-03-12,2026-03-18,NONE
BOL202600799,CTR-1094,2026-05-05,2026-06-03,2026-06-03,19076.0,2026-05-03,2026-05-07,2026-05-12,NONE
BOL202600800,CTR-1069,2026-02-28,2026-03-30,2026-03-30,14610.3,2026-02-27,2026-03-03,2026-03-09,NONE
BOL202600801,CTR-1005,2026-03-14,2026-04-12,2026-04-12,19898.1,2026-03-13,2026-03-26,2026-04-04,NONE
BOL202600802,CTR-1137,2026-03-15,2026-04-04,2026-04-04,23429.3,2026-03-12,2026-03-28,2026-04-08,NONE
BOL202600803,CTR-1020,2026-02-09,2026-03-01,2026-03-01,10658.4,2026-02-07,2026-02-18,2026-02-21,NONE
BOL202600804,CTR-1065,2026-04-23,2026-05-16,2026-05-16,13282.5,2026-04-20,2026-04-22,2026-05-03,NONE
BOL202600805,CTR-1122,2026-03-23,2026-04-18,2026-04-18,17174.9,2026-03-22,2026-04-01,2026-04-06,NONE
BOL202600806,CTR-1075,2026-02-01,2026-02-16,2026-02-16,17990.7,2026-01-31,2026-02-09,2026-02-15,NONE
BOL202600807,CTR-1045,2026-02-09,2026-02-24,2026-02-24,18738.3,2026-02-06,2026-02-13,2026-02-24,NONE
BOL202600808,CTR-1020,2026-03-17,2026-04-16,2026-04-16,25513.7,2026-03-14,2026-03-26,2026-03-29,NONE
BOL202600809,CTR-1108,2026-05-25,2026-06-23,2026-06-23,11797.0,2026-05-23,2026-06-08,2026-06-09,NONE
BOL202600810,CTR-1013,2026-02-05,2026-02-23,2026-02-23,16426.1,2026-02-04,2026-02-13,2026-02-19,NONE
BOL202600811,CTR-1061,2026-01-24,2026-02-18,2026-02-20,18422.9,2026-01-22,2026-01-27,2026-01-28,WEATHER
BOL202600812,CTR-1057,2026-01-22,2026-02-20,2026-02-20,25322.0,2026-01-19,2026-01-27,2026-01-31,NONE
BOL202600813,CTR-1033,2026-05-06,2026-05-31,2026-05-31,18184.9,2026-05-05,2026-05-21,2026-06-01,NONE
BOL202600814,CTR-1023,2026-04-03,2026-04-30,2026-04-30,23660.9,2026-04-01,2026-04-09,2026-04-15,NONE
BOL202600815,CTR-1068,2026-01-04,2026-01-28,2026-01-28,14929.4,2026-01-02,2026-01-17,2026-01-26,NONE
BOL202600816,CTR-1083,2026-01-23,2026-02-13,2026-02-13,17107.5,2026-01-21,2026-02-04,2026-02-12,NONE
BOL202600817,CTR-1046,2026-03-15,2026-04-04,2026-04-04,25525.8,2026-03-13,2026-03-26,2026-04-02,NONE
BOL202600818,CTR-1027,2026-02-05,2026-02-22,2026-02-22,14851.7,2026-02-02,2026-02-09,2026-02-11,NONE
BOL202600819,CTR-1117,2026-04-07,2026-04-24,2026-04-27,12798.3,2026-04-05,2026-04-18,2026-04-28,CUSTOMS_HOLD
BOL202600820,CTR-1101,2026-02-05,2026-02-26,2026-02-26,16108.3,2026-02-02,2026-02-11,2026-02-12,NONE
BOL202600821,CTR-1090,2026-03-19,2026-04-12,2026-04-12,21837.7,2026-03-18,2026-03-20,2026-03-21,NONE
BOL202600822,CTR-1102,2026-02-09,2026-03-04,2026-03-04,20248.9,2026-02-06,2026-02-15,2026-02-17,NONE
BOL202600823,CTR-1042,2026-03-15,2026-04-12,2026-04-12,24508.7,2026-03-12,2026-03-17,2026-03-18,NONE
BOL202600824,CTR-1012,2026-01-31,2026-02-23,2026-02-23,25530.0,2026-01-28,2026-02-10,2026-02-16,NONE
BOL202600825,CTR-1103,2026-05-29,2026-06-28,2026-06-28,23893.5,2026-05-26,2026-06-07,2026-06-15,NONE
BOL202600826,CTR-1037,2026-01-31,2026-02-26,2026-02-26,19204.2,2026-01-29,2026-02-02,2026-02-12,NONE
BOL202600827,CTR-1103,2026-01-15,2026-02-03,2026-02-03,24053.1,2026-01-14,2026-01-21,2026-01-24,NONE
BOL202600828,CTR-1138,2026-01-14,2026-02-06,2026-02-06,20180.0,2026-01-12,2026-01-14,2026-01-19,NONE
BOL202600829,CTR-1104,2026-03-16,2026-04-02,2026-04-02,22263.1,2026-03-15,2026-03-29,2026-03-31,NONE
BOL202600830,CTR-1017,2026-02-12,2026-03-09,2026-03-09,23229.2,2026-02-09,2026-02-23,2026-02-28,NONE
BOL202600831,CTR-1025,2026-03-11,2026-04-06,2026-04-11,23173.0,2026-03-10,2026-03-14,2026-03-23,CUSTOMS_HOLD
BOL202600832,CTR-1104,2026-03-14,2026-04-09,2026-04-09,16591.9,2026-03-13,2026-03-16,2026-03-20,NONE
BOL202600833,CTR-1053,2026-02-09,2026-03-03,2026-03-03,22721.7,2026-02-06,2026-02-17,2026-03-01,NONE
BOL202600834,CTR-1131,2026-05-15,2026-06-02,2026-06-02,24656.5,2026-05-14,2026-05-29,2026-06-01,NONE
BOL202600835,CTR-1110,2026-01-05,2026-02-04,2026-02-04,21056.8,2026-01-04,2026-01-19,2026-01-27,NONE
BOL202600836,CTR-1010,2026-05-14,2026-06-08,2026-06-08,14874.9,2026-05-11,2026-05-26,2026-05-28,NONE
BOL202600837,CTR-1026,2026-02-26,2026-03-17,2026-03-17,12277.7,2026-02-25,2026-03-03,2026-03-06,NONE
BOL202600838,CTR-1018,2026-02-23,2026-03-14,2026-03-14,16796.9,2026-02-22,2026-02-25,2026-02-26,NONE
BOL202600839,CTR-1112,2026-05-04,2026-06-01,2026-06-02,22688.9,2026-05-01,2026-05-12,2026-05-13,CARRIER_ERROR
BOL202600840,CTR-1051,2026-05-01,2026-05-19,2026-05-19,10692.5,2026-04-29,2026-05-11,2026-05-12,NONE
BOL202600841,CTR-1105,2026-01-25,2026-02-12,2026-02-12,13286.4,2026-01-24,2026-01-28,2026-02-08,NONE
BOL202600842,CTR-1031,2026-03-31,2026-04-15,2026-04-18,15565.4,2026-03-30,2026-04-14,2026-04-23,WEATHER
BOL202600843,CTR-1132,2026-03-03,2026-03-20,2026-03-25,18461.4,2026-02-28,2026-03-05,2026-03-10,CARRIER_ERROR
BOL202600844,CTR-1069,2026-02-13,2026-02-28,2026-02-28,11579.0,2026-02-12,2026-02-28,2026-03-09,NONE
BOL202600845,CTR-1053,2026-05-02,2026-05-28,2026-05-28,12962.0,2026-04-29,2026-05-02,2026-05-05,NONE
BOL202600846,CTR-1008,2026-04-01,2026-04-28,2026-04-28,18228.0,2026-03-30,2026-04-02,2026-04-08,NONE
BOL202600847,CTR-1008,2026-02-01,2026-03-02,2026-03-02,12174.6,2026-01-30,2026-02-12,2026-02-17,NONE
BOL202600848,CTR-1020,2026-05-23,2026-06-08,2026-06-12,16156.5,2026-05-21,2026-06-01,2026-06-13,CARRIER_ERROR
BOL202600849,CTR-1026,2026-03-21,2026-04-19,2026-04-19,16516.5,2026-03-19,2026-03-24,2026-03-26,NONE
BOL202600850,CTR-1028,2026-05-02,2026-05-28,2026-05-28,25979.6,2026-04-30,2026-05-12,2026-05-14,NONE
BOL202600851,CTR-1012,2026-04-12,2026-05-11,2026-05-11,20824.3,2026-04-11,2026-04-15,2026-04-22,NONE
BOL202600852,CTR-1102,2026-04-13,2026-05-01,2026-05-01,24278.8,2026-04-12,2026-04-15,2026-04-21,NONE
BOL202600853,CTR-1038,2026-02-20,2026-03-17,2026-03-17,23504.5,2026-02-18,2026-02-21,2026-02-25,NONE
BOL202600854,CTR-1030,2026-04-19,2026-05-19,2026-05-19,21415.9,2026-04-16,2026-04-27,2026-05-02,NONE
BOL202600855,CTR-1063,2026-04-13,2026-05-09,2026-05-09,19650.6,2026-04-11,2026-04-20,2026-04-29,NONE
BOL202600856,CTR-1043,2026-03-13,2026-04-01,2026-04-01,11728.6,2026-03-11,2026-03-20,2026-03-28,NONE
BOL202600857,CTR-1008,2026-03-01,2026-03-20,2026-03-21,17970.2,2026-02-28,2026-03-04,2026-03-11,CARRIER_ERROR
BOL202600858,CTR-1106,2026-03-25,2026-04-13,2026-04-13,19971.7,2026-03-24,2026-04-05,2026-04-14,NONE
BOL202600859,CTR-1102,2026-05-07,2026-06-05,2026-06-05,20593.5,2026-05-05,2026-05-15,2026-05-20,NONE
BOL202600860,CTR-1088,2026-05-19,2026-06-13,2026-06-13,18648.5,2026-05-18,2026-06-01,2026-06-02,NONE
BOL202600861,CTR-1028,2026-04-21,2026-05-09,2026-05-09,15032.9,2026-04-19,2026-04-28,2026-05-06,NONE
BOL202600862,CTR-1033,2026-01-10,2026-01-26,2026-01-26,20550.6,2026-01-08,2026-01-24,2026-02-05,NONE
BOL202600863,CTR-1098,2026-02-12,2026-03-14,2026-03-14,14999.4,2026-02-10,2026-02-19,2026-02-21,NONE
BOL202600864,CTR-1131,2026-05-26,2026-06-25,2026-06-25,20966.0,2026-05-23,2026-06-01,2026-06-09,NONE
BOL202600865,CTR-1103,2026-05-24,2026-06-13,2026-06-13,16262.2,2026-05-22,2026-06-02,2026-06-09,NONE
BOL202600866,CTR-1070,2026-04-01,2026-04-25,2026-04-25,10450.4,2026-03-31,2026-04-04,2026-04-10,NONE
BOL202600867,CTR-1051,2026-03-31,2026-04-15,2026-04-15,20002.4,2026-03-29,2026-04-01,2026-04-08,NONE
BOL202600868,CTR-1078,2026-03-30,2026-04-25,2026-04-25,10903.2,2026-03-29,2026-04-03,2026-04-07,NONE
BOL202600869,CTR-1072,2026-03-21,2026-04-07,2026-04-07,11048.0,2026-03-19,2026-03-22,2026-03-28,NONE
BOL202600870,CTR-1063,2026-02-13,2026-02-28,2026-02-28,10598.0,2026-02-10,2026-02-25,2026-03-04,NONE
BOL202600871,CTR-1009,2026-05-26,2026-06-23,2026-06-23,21135.3,2026-05-23,2026-05-25,2026-05-31,NONE
BOL202600872,CTR-1123,2026-04-07,2026-05-04,2026-05-04,11563.6,2026-04-05,2026-04-08,2026-04-20,NONE
BOL202600873,CTR-1094,2026-02-22,2026-03-19,2026-03-19,22983.3,2026-02-19,2026-02-26,2026-03-01,NONE
BOL202600874,CTR-1031,2026-03-18,2026-04-13,2026-04-13,13228.1,2026-03-15,2026-03-30,2026-04-01,NONE
BOL202600875,CTR-1136,2026-05-18,2026-06-08,2026-06-08,10760.5,2026-05-15,2026-05-23,2026-05-27,NONE
BOL202600876,CTR-1124,2026-01-24,2026-02-11,2026-02-11,14373.8,2026-01-21,2026-02-04,2026-02-13,NONE
BOL202600877,CTR-1001,2026-05-02,2026-05-30,2026-05-30,22730.4,2026-04-29,2026-05-14,2026-05-19,NONE
BOL202600878,CTR-1071,2026-05-10,2026-06-03,2026-06-03,18639.2,2026-05-09,2026-05-17,2026-05-24,NONE
BOL202600879,CTR-1010,2026-03-06,2026-04-04,2026-04-04,18761.0,2026-03-05,2026-03-17,2026-03-29,NONE
BOL202600880,CTR-1125,2026-05-13,2026-06-02,2026-06-02,13407.2,2026-05-10,2026-05-19,2026-05-24,NONE
BOL202600881,CTR-1117,2026-05-17,2026-06-14,2026-06-14,21625.8,2026-05-16,2026-05-26,2026-05-30,NONE
BOL202600882,CTR-1056,2026-04-04,2026-05-03,2026-05-03,12407.6,2026-04-01,2026-04-15,2026-04-20,NONE
BOL202600883,CTR-1008,2026-04-22,2026-05-20,2026-05-20,23283.4,2026-04-21,2026-05-03,2026-05-07,NONE
BOL202600884,CTR-1031,2026-04-16,2026-05-09,2026-05-09,20336.7,2026-04-14,2026-04-26,2026-05-06,NONE
BOL202600885,CTR-1035,2026-03-02,2026-03-29,2026-03-29,12399.4,2026-03-01,2026-03-06,2026-03-11,NONE
BOL202600886,CTR-1073,2026-04-29,2026-05-29,2026-05-29,16978.1,2026-04-26,2026-05-12,2026-05-13,NONE
BOL202600887,CTR-1041,2026-02-21,2026-03-13,2026-03-13,10466.3,2026-02-19,2026-03-03,2026-03-12,NONE
BOL202600888,CTR-1126,2026-02-15,2026-03-03,2026-03-03,17773.5,2026-02-14,2026-02-16,2026-02-18,NONE
BOL202600889,CTR-1018,2026-03-22,2026-04-15,2026-04-15,24409.2,2026-03-20,2026-04-05,2026-04-11,NONE
BOL202600890,CTR-1088,2026-01-24,2026-02-20,2026-02-20,21587.8,2026-01-23,2026-01-28,2026-01-30,NONE
BOL202600891,CTR-1015,2026-05-27,2026-06-14,2026-06-14,23263.7,2026-05-24,2026-05-30,2026-06-07,NONE
BOL202600892,CTR-1006,2026-01-24,2026-02-15,2026-02-15,22371.1,2026-01-22,2026-01-29,2026-02-08,NONE
BOL202600893,CTR-1052,2026-04-10,2026-05-02,2026-05-02,13488.1,2026-04-09,2026-04-13,2026-04-17,NONE
BOL202600894,CTR-1135,2026-03-12,2026-04-10,2026-04-10,23806.4,2026-03-11,2026-03-20,2026-03-29,NONE
BOL202600895,CTR-1014,2026-04-06,2026-04-24,2026-04-24,16780.5,2026-04-03,2026-04-08,2026-04-13,NONE
BOL202600896,CTR-1088,2026-02-07,2026-03-05,2026-03-05,15883.8,2026-02-05,2026-02-07,2026-02-18,NONE
BOL202600897,CTR-1122,2026-01-09,2026-01-25,2026-01-25,22620.8,2026-01-08,2026-01-14,2026-01-23,NONE
BOL202600898,CTR-1043,2026-04-09,2026-05-03,2026-05-03,21209.9,2026-04-06,2026-04-09,2026-04-18,NONE
BOL202600899,CTR-1071,2026-03-02,2026-03-31,2026-03-31,24556.6,2026-02-28,2026-03-16,2026-03-21,NONE
BOL202600900,CTR-1111,2026-03-19,2026-04-05,2026-04-05,22106.7,2026-03-17,2026-03-22,2026-03-25,NONE
BOL202600901,CTR-1130,2026-04-23,2026-05-18,2026-05-18,22267.9,2026-04-21,2026-05-05,2026-05-06,NONE
BOL202600902,CTR-1038,2026-03-12,2026-03-29,2026-03-29,25047.9,2026-03-10,2026-03-23,2026-03-30,NONE
BOL202600903,CTR-1003,2026-03-27,2026-04-24,2026-04-24,23123.9,2026-03-26,2026-04-08,2026-04-13,NONE
BOL202600904,CTR-1073,2026-05-10,2026-05-27,2026-05-27,19633.9,2026-05-07,2026-05-20,2026-05-26,NONE
BOL202600905,CTR-1045,2026-04-27,2026-05-12,2026-05-12,20262.0,2026-04-26,2026-05-08,2026-05-16,NONE
BOL202600906,CTR-1023,2026-02-04,2026-02-19,2026-02-19,20052.7,2026-02-02,2026-02-13,2026-02-15,NONE
BOL202600907,CTR-1036,2026-01-29,2026-02-18,2026-02-18,21417.0,2026-01-26,2026-02-09,2026-02-12,NONE
BOL202600908,CTR-1012,2026-04-16,2026-05-11,2026-05-11,23976.1,2026-04-15,2026-04-21,2026-04-24,NONE
BOL202600909,CTR-1089,2026-03-25,2026-04-18,2026-04-18,16631.9,2026-03-24,2026-04-01,2026-04-08,NONE
BOL202600910,CTR-1143,2026-05-27,2026-06-18,2026-06-19,20353.7,2026-05-24,2026-05-29,2026-05-31,WEATHER
BOL202600911,CTR-1022,2026-04-29,2026-05-20,2026-05-20,23629.3,2026-04-28,2026-05-06,2026-05-16,NONE
BOL202600912,CTR-1048,2026-04-20,2026-05-13,2026-05-13,25328.5,2026-04-19,2026-04-30,2026-05-02,NONE
BOL202600913,CTR-1139,2026-01-04,2026-02-01,2026-02-01,24852.6,2026-01-01,2026-01-10,2026-01-12,NONE
BOL202600914,CTR-1033,2026-02-27,2026-03-20,2026-03-20,23791.0,2026-02-25,2026-03-03,2026-03-15,NONE
BOL202600915,CTR-1110,2026-05-07,2026-06-03,2026-06-03,23701.4,2026-05-04,2026-05-09,2026-05-14,NONE
BOL202600916,CTR-1018,2026-02-18,2026-03-18,2026-03-18,22679.4,2026-02-17,2026-02-23,2026-02-28,NONE
BOL202600917,CTR-1143,2026-03-02,2026-03-31,2026-03-31,15914.2,2026-02-27,2026-03-11,2026-03-19,NONE
BOL202600918,CTR-1134,2026-01-22,2026-02-06,2026-02-06,23943.1,2026-01-19,2026-01-27,2026-02-07,NONE
BOL202600919,CTR-1015,2026-02-24,2026-03-23,2026-03-23,21777.7,2026-02-22,2026-02-25,2026-02-27,NONE
BOL202600920,CTR-1112,2026-05-23,2026-06-08,2026-06-10,24531.6,2026-05-20,2026-06-01,2026-06-11,CUSTOMS_HOLD
BOL202600921,CTR-1087,2026-01-12,2026-01-27,2026-01-27,19914.5,2026-01-10,2026-01-18,2026-01-29,NONE
BOL202600922,CTR-1123,2026-04-05,2026-04-24,2026-04-24,18953.0,2026-04-02,2026-04-06,2026-04-11,NONE
BOL202600923,CTR-1008,2026-02-13,2026-03-15,2026-03-15,24046.3,2026-02-12,2026-02-15,2026-02-21,NONE
BOL202600924,CTR-1089,2026-05-16,2026-06-13,2026-06-13,11869.5,2026-05-15,2026-05-19,2026-05-27,NONE
BOL202600925,CTR-1045,2026-03-13,2026-04-08,2026-04-08,14526.8,2026-03-11,2026-03-22,2026-03-27,NONE
BOL202600926,CTR-1071,2026-05-13,2026-06-07,2026-06-07,12639.7,2026-05-10,2026-05-19,2026-05-22,NONE
BOL202600927,CTR-1031,2026-05-23,2026-06-21,2026-06-23,13677.8,2026-05-22,2026-05-31,2026-06-05,CARRIER_ERROR
BOL202600928,CTR-1071,2026-02-11,2026-03-12,2026-03-12,25923.2,2026-02-09,2026-02-11,2026-02-19,NONE
BOL202600929,CTR-1117,2026-04-02,2026-05-02,2026-05-02,11799.9,2026-03-30,2026-04-14,2026-04-17,NONE
BOL202600930,CTR-1061,2026-02-01,2026-02-27,2026-03-02,23359.3,2026-01-29,2026-02-08,2026-02-13,CARRIER_ERROR
BOL202600931,CTR-1107,2026-05-25,2026-06-15,2026-06-15,25546.0,2026-05-22,2026-06-05,2026-06-15,NONE
BOL202600932,CTR-1027,2026-02-16,2026-03-16,2026-03-16,13938.5,2026-02-14,2026-02-26,2026-02-28,NONE
BOL202600933,CTR-1062,2026-03-26,2026-04-10,2026-04-10,25701.4,2026-03-25,2026-04-02,2026-04-08,NONE
BOL202600934,CTR-1088,2026-01-28,2026-02-22,2026-02-22,11297.0,2026-01-25,2026-02-06,2026-02-14,NONE
BOL202600935,CTR-1140,2026-04-27,2026-05-20,2026-05-20,10092.9,2026-04-26,2026-05-08,2026-05-18,NONE
BOL202600936,CTR-1046,2026-04-26,2026-05-21,2026-05-21,25997.1,2026-04-23,2026-04-27,2026-05-01,NONE
BOL202600937,CTR-1005,2026-01-13,2026-02-06,2026-02-06,10888.6,2026-01-12,2026-01-22,2026-02-01,NONE
BOL202600938,CTR-1037,2026-04-08,2026-04-25,2026-04-25,12848.2,2026-04-06,2026-04-09,2026-04-10,NONE
BOL202600939,CTR-1095,2026-02-23,2026-03-15,2026-03-15,16438.3,2026-02-20,2026-03-06,2026-03-17,NONE
BOL202600940,CTR-1138,2026-02-09,2026-02-27,2026-02-27,22817.6,2026-02-06,2026-02-20,2026-02-25,NONE
BOL202600941,CTR-1040,2026-02-03,2026-03-01,2026-03-01,23312.8,2026-01-31,2026-02-05,2026-02-13,NONE
BOL202600942,CTR-1095,2026-04-25,2026-05-22,2026-05-22,19008.9,2026-04-23,2026-04-26,2026-05-03,NONE
BOL202600943,CTR-1019,2026-04-05,2026-04-25,2026-04-25,16816.3,2026-04-04,2026-04-14,2026-04-20,NONE
BOL202600944,CTR-1139,2026-04-29,2026-05-21,2026-05-21,21418.2,2026-04-27,2026-05-07,2026-05-18,NONE
BOL202600945,CTR-1081,2026-05-15,2026-06-01,2026-06-01,16997.7,2026-05-13,2026-05-19,2026-05-22,NONE
BOL202600946,CTR-1091,2026-02-02,2026-02-26,2026-02-26,18369.5,2026-01-31,2026-02-11,2026-02-12,NONE
BOL202600947,CTR-1009,2026-05-22,2026-06-08,2026-06-08,18214.6,2026-05-19,2026-05-27,2026-06-03,NONE
BOL202600948,CTR-1102,2026-01-25,2026-02-23,2026-02-23,19095.7,2026-01-23,2026-01-30,2026-02-04,NONE
BOL202600949,CTR-1109,2026-05-30,2026-06-16,2026-06-16,10260.3,2026-05-27,2026-06-08,2026-06-16,NONE
BOL202600950,CTR-1048,2026-02-15,2026-03-07,2026-03-07,10724.1,2026-02-13,2026-03-01,2026-03-13,NONE
BOL202600951,CTR-1134,2026-03-18,2026-04-12,2026-04-12,17280.0,2026-03-15,2026-03-24,2026-04-03,NONE
BOL202600952,CTR-1006,2026-03-09,2026-04-03,2026-04-03,23941.5,2026-03-08,2026-03-13,2026-03-16,NONE
BOL202600953,CTR-1075,2026-01-21,2026-02-13,2026-02-13,11701.3,2026-01-18,2026-01-20,2026-01-21,NONE
BOL202600954,CTR-1047,2026-04-12,2026-04-30,2026-05-04,21068.9,2026-04-09,2026-04-22,2026-05-02,CUSTOMS_HOLD
BOL202600955,CTR-1113,2026-05-05,2026-05-29,2026-05-29,25582.8,2026-05-03,2026-05-16,2026-05-27,NONE
BOL202600956,CTR-1026,2026-04-12,2026-05-06,2026-05-08,13052.8,2026-04-11,2026-04-24,2026-04-28,CARRIER_ERROR
BOL202600957,CTR-1115,2026-01-07,2026-01-28,2026-01-28,12322.5,2026-01-06,2026-01-14,2026-01-25,NONE
BOL202600958,CTR-1022,2026-05-18,2026-06-08,2026-06-12,17583.8,2026-05-17,2026-05-20,2026-05-23,CARRIER_ERROR
BOL202600959,CTR-1100,2026-02-09,2026-03-10,2026-03-10,17543.8,2026-02-07,2026-02-18,2026-02-22,NONE
BOL202600960,CTR-1138,2026-02-21,2026-03-17,2026-03-17,23341.4,2026-02-20,2026-02-27,2026-02-28,NONE
BOL202600961,CTR-1128,2026-01-27,2026-02-24,2026-02-24,23577.9,2026-01-24,2026-02-04,2026-02-14,NONE
BOL202600962,CTR-1135,2026-05-22,2026-06-15,2026-06-19,18213.7,2026-05-19,2026-05-30,2026-06-10,CUSTOMS_HOLD
BOL202600963,CTR-1091,2026-05-05,2026-05-27,2026-05-27,18452.9,2026-05-03,2026-05-14,2026-05-20,NONE
BOL202600964,CTR-1118,2026-05-22,2026-06-08,2026-06-08,20372.8,2026-05-20,2026-05-23,2026-05-31,NONE
BOL202600965,CTR-1065,2026-03-30,2026-04-28,2026-04-28,10332.9,2026-03-28,2026-04-10,2026-04-14,NONE
BOL202600966,CTR-1058,2026-05-01,2026-05-27,2026-05-27,18122.2,2026-04-28,2026-05-14,2026-05-25,NONE
BOL202600967,CTR-1117,2026-03-28,2026-04-26,2026-04-26,14694.3,2026-03-25,2026-04-02,2026-04-09,NONE
BOL202600968,CTR-1103,2026-04-03,2026-05-03,2026-05-03,23512.5,2026-03-31,2026-04-05,2026-04-10,NONE
BOL202600969,CTR-1027,2026-01-23,2026-02-22,2026-02-22,13191.7,2026-01-20,2026-01-29,2026-01-31,NONE
BOL202600970,CTR-1045,2026-04-17,2026-05-17,2026-05-17,13350.9,2026-04-16,2026-04-18,2026-04-24,NONE
BOL202600971,CTR-1097,2026-03-08,2026-04-03,2026-04-03,12795.4,2026-03-05,2026-03-07,2026-03-09,NONE
BOL202600972,CTR-1062,2026-03-28,2026-04-25,2026-04-25,13627.0,2026-03-25,2026-03-30,2026-04-07,NONE
BOL202600973,CTR-1024,2026-03-08,2026-04-02,2026-04-02,22310.0,2026-03-05,2026-03-11,2026-03-14,NONE
BOL202600974,CTR-1014,2026-05-12,2026-05-30,2026-05-30,24826.1,2026-05-10,2026-05-24,2026-06-01,NONE
BOL202600975,CTR-1001,2026-01-29,2026-02-16,2026-02-16,19754.5,2026-01-28,2026-02-12,2026-02-21,NONE
BOL202600976,CTR-1089,2026-01-11,2026-01-29,2026-01-29,11888.9,2026-01-10,2026-01-26,2026-02-01,NONE
BOL202600977,CTR-1018,2026-02-10,2026-03-06,2026-03-06,22191.4,2026-02-08,2026-02-21,2026-02-23,NONE
BOL202600978,CTR-1057,2026-02-09,2026-03-07,2026-03-07,12204.4,2026-02-08,2026-02-17,2026-02-24,NONE
BOL202600979,CTR-1062,2026-01-02,2026-01-24,2026-01-24,17578.6,2025-12-31,2026-01-10,2026-01-13,NONE
BOL202600980,CTR-1020,2026-01-22,2026-02-14,2026-02-14,22077.5,2026-01-20,2026-02-01,2026-02-12,NONE
BOL202600981,CTR-1016,2026-03-04,2026-03-23,2026-03-23,18474.4,2026-03-03,2026-03-07,2026-03-14,NONE
BOL202600982,CTR-1126,2026-04-16,2026-05-14,2026-05-14,25229.4,2026-04-13,2026-04-27,2026-05-08,NONE
BOL202600983,CTR-1143,2026-04-03,2026-04-18,2026-04-18,22322.4,2026-03-31,2026-04-14,2026-04-23,NONE
BOL202600984,CTR-1091,2026-01-18,2026-02-04,2026-02-04,16426.4,2026-01-17,2026-01-25,2026-01-26,NONE
BOL202600985,CTR-1063,2026-04-11,2026-04-27,2026-04-27,20263.5,2026-04-08,2026-04-10,2026-04-21,NONE
BOL202600986,CTR-1139,2026-05-14,2026-06-07,2026-06-07,24172.5,2026-05-11,2026-05-21,2026-05-26,NONE
BOL202600987,CTR-1107,2026-03-22,2026-04-17,2026-04-20,19766.4,2026-03-21,2026-04-03,2026-04-10,WEATHER
BOL202600988,CTR-1060,2026-04-25,2026-05-16,2026-05-16,19989.8,2026-04-22,2026-05-04,2026-05-12,NONE
BOL202600989,CTR-1115,2026-03-30,2026-04-26,2026-04-26,24095.6,2026-03-29,2026-03-31,2026-04-09,NONE
BOL202600990,CTR-1129,2026-03-27,2026-04-23,2026-04-23,21840.8,2026-03-26,2026-04-05,2026-04-14,NONE
BOL202600991,CTR-1079,2026-03-14,2026-04-04,2026-04-09,18341.4,2026-03-11,2026-03-15,2026-03-16,CUSTOMS_HOLD
BOL202600992,CTR-1015,2026-01-08,2026-01-31,2026-01-31,22386.5,2026-01-05,2026-01-13,2026-01-22,NONE
BOL202600993,CTR-1098,2026-01-29,2026-02-14,2026-02-14,14156.1,2026-01-26,2026-02-02,2026-02-04,NONE
BOL202600994,CTR-1066,2026-01-13,2026-01-31,2026-01-31,19159.0,2026-01-12,2026-01-21,2026-01-27,NONE
BOL202600995,CTR-1140,2026-03-02,2026-03-24,2026-03-24,14552.6,2026-02-27,2026-03-10,2026-03-21,NONE
BOL202600996,CTR-1086,2026-02-05,2026-03-04,2026-03-04,13962.1,2026-02-03,2026-02-13,2026-02-23,NONE
BOL202600997,CTR-1079,2026-02-19,2026-03-17,2026-03-17,12344.9,2026-02-17,2026-03-04,2026-03-11,NONE
BOL202600998,CTR-1013,2026-01-21,2026-02-07,2026-02-09,13436.6,2026-01-20,2026-01-27,2026-02-07,CUSTOMS_HOLD
BOL202600999,CTR-1078,2026-05-15,2026-06-11,2026-06-11,18303.1,2026-05-13,2026-05-28,2026-06-02,NONE
BOL202601000,CTR-1006,2026-05-30,2026-06-29,2026-06-29,25944.2,2026-05-27,2026-06-12,2026-06-20,NONE
BOL202601001,CTR-1121,2026-04-17,2026-05-07,2026-05-07,12034.0,2026-04-14,2026-04-23,2026-04-26,NONE
BOL202601002,CTR-1088,2026-05-12,2026-05-30,2026-05-30,17286.9,2026-05-11,2026-05-24,2026-05-27,NONE
BOL202601003,CTR-1041,2026-05-24,2026-06-19,2026-06-19,11900.3,2026-05-22,2026-05-25,2026-05-27,NONE
BOL202601004,CTR-1123,2026-04-05,2026-04-29,2026-05-01,15943.5,2026-04-03,2026-04-09,2026-04-14,CARRIER_ERROR
BOL202601005,CTR-1118,2026-05-05,2026-05-20,2026-05-20,12274.2,2026-05-02,2026-05-10,2026-05-11,NONE
BOL202601006,CTR-1022,2026-03-20,2026-04-13,2026-04-13,23106.0,2026-03-18,2026-03-20,2026-03-22,NONE
BOL202601007,CTR-1141,2026-05-21,2026-06-16,2026-06-17,17698.8,2026-05-19,2026-05-30,2026-06-07,CUSTOMS_HOLD
BOL202601008,CTR-1039,2026-03-28,2026-04-24,2026-04-24,21520.5,2026-03-25,2026-03-29,2026-04-01,NONE
BOL202601009,CTR-1102,2026-05-10,2026-06-08,2026-06-08,20675.5,2026-05-09,2026-05-24,2026-06-05,NONE
BOL202601010,CTR-1022,2026-03-25,2026-04-11,2026-04-11,20632.0,2026-03-23,2026-03-31,2026-04-04,NONE
BOL202601011,CTR-1076,2026-04-12,2026-05-07,2026-05-07,25329.3,2026-04-10,2026-04-23,2026-04-28,NONE
BOL202601012,CTR-1048,2026-01-23,2026-02-12,2026-02-12,19151.9,2026-01-20,2026-01-26,2026-02-04,NONE
BOL202601013,CTR-1064,2026-02-01,2026-02-18,2026-02-18,19899.3,2026-01-29,2026-02-12,2026-02-13,NONE
BOL202601014,CTR-1097,2026-05-26,2026-06-16,2026-06-16,18042.2,2026-05-25,2026-05-28,2026-06-08,NONE
BOL202601015,CTR-1039,2026-05-17,2026-06-06,2026-06-06,14399.4,2026-05-16,2026-05-21,2026-06-02,NONE
BOL202601016,CTR-1018,2026-05-29,2026-06-27,2026-07-02,15126.9,2026-05-26,2026-05-28,2026-06-05,WEATHER
BOL202601017,CTR-1142,2026-01-06,2026-01-31,2026-01-31,16639.0,2026-01-03,2026-01-10,2026-01-17,NONE
BOL202601018,CTR-1007,2026-03-07,2026-03-24,2026-03-24,11589.3,2026-03-06,2026-03-12,2026-03-15,NONE
BOL202601019,CTR-1055,2026-02-16,2026-03-11,2026-03-11,12467.6,2026-02-14,2026-02-26,2026-03-01,NONE
BOL202601020,CTR-1114,2026-01-16,2026-02-10,2026-02-10,21412.8,2026-01-14,2026-01-22,2026-01-24,NONE
BOL202601021,CTR-1098,2026-03-23,2026-04-11,2026-04-11,15187.5,2026-03-21,2026-04-05,2026-04-07,NONE
BOL202601022,CTR-1133,2026-01-14,2026-02-04,2026-02-04,19552.1,2026-01-13,2026-01-22,2026-01-31,NONE
BOL202601023,CTR-1095,2026-05-10,2026-06-06,2026-06-06,14308.6,2026-05-08,2026-05-17,2026-05-26,NONE
BOL202601024,CTR-1073,2026-04-15,2026-05-02,2026-05-02,16519.9,2026-04-14,2026-04-30,2026-05-01,NONE
BOL202601025,CTR-1100,2026-03-10,2026-03-28,2026-03-28,18875.3,2026-03-09,2026-03-15,2026-03-25,NONE
BOL202601026,CTR-1032,2026-04-15,2026-05-14,2026-05-19,22526.1,2026-04-14,2026-04-21,2026-04-30,CARRIER_ERROR
BOL202601027,CTR-1020,2026-02-13,2026-03-07,2026-03-07,16780.0,2026-02-10,2026-02-19,2026-02-20,NONE
BOL202601028,CTR-1020,2026-01-01,2026-01-30,2026-01-30,19931.7,2025-12-29,2026-01-02,2026-01-03,NONE
BOL202601029,CTR-1094,2026-01-16,2026-02-15,2026-02-15,14014.2,2026-01-13,2026-01-21,2026-01-27,NONE
BOL202601030,CTR-1030,2026-02-24,2026-03-20,2026-03-25,11119.0,2026-02-23,2026-03-03,2026-03-15,WEATHER
BOL202601031,CTR-1061,2026-02-01,2026-02-20,2026-02-20,25981.1,2026-01-30,2026-02-04,2026-02-14,NONE
BOL202601032,CTR-1008,2026-05-10,2026-06-04,2026-06-04,25126.5,2026-05-07,2026-05-13,2026-05-25,NONE
BOL202601033,CTR-1135,2026-04-26,2026-05-19,2026-05-19,25728.4,2026-04-24,2026-04-29,2026-05-07,NONE
BOL202601034,CTR-1062,2026-03-26,2026-04-10,2026-04-10,12139.6,2026-03-25,2026-04-05,2026-04-13,NONE
BOL202601035,CTR-1078,2026-01-02,2026-01-17,2026-01-17,16610.6,2025-12-30,2026-01-12,2026-01-20,NONE
BOL202601036,CTR-1029,2026-04-11,2026-04-28,2026-04-28,20385.6,2026-04-10,2026-04-20,2026-04-21,NONE
BOL202601037,CTR-1144,2026-04-24,2026-05-12,2026-05-12,23004.5,2026-04-21,2026-04-28,2026-05-05,NONE
BOL202601038,CTR-1051,2026-02-15,2026-03-02,2026-03-02,15927.7,2026-02-14,2026-02-23,2026-02-24,NONE
BOL202601039,CTR-1056,2026-02-26,2026-03-13,2026-03-13,20888.9,2026-02-23,2026-03-02,2026-03-06,NONE
BOL202601040,CTR-1115,2026-01-24,2026-02-17,2026-02-17,13538.4,2026-01-22,2026-01-29,2026-01-30,NONE
BOL202601041,CTR-1035,2026-03-13,2026-04-12,2026-04-12,21311.5,2026-03-12,2026-03-14,2026-03-18,NONE
BOL202601042,CTR-1114,2026-04-12,2026-04-30,2026-04-30,19105.6,2026-04-10,2026-04-14,2026-04-23,NONE
BOL202601043,CTR-1053,2026-02-19,2026-03-11,2026-03-13,11040.8,2026-02-17,2026-03-05,2026-03-15,WEATHER
BOL202601044,CTR-1110,2026-02-28,2026-03-23,2026-03-23,20847.7,2026-02-25,2026-03-09,2026-03-18,NONE
BOL202601045,CTR-1019,2026-03-06,2026-04-04,2026-04-08,20769.6,2026-03-03,2026-03-05,2026-03-11,WEATHER
BOL202601046,CTR-1050,2026-04-21,2026-05-19,2026-05-19,20882.8,2026-04-19,2026-04-28,2026-05-04,NONE
BOL202601047,CTR-1094,2026-05-13,2026-05-29,2026-05-29,13592.8,2026-05-11,2026-05-27,2026-06-03,NONE
BOL202601048,CTR-1084,2026-05-17,2026-06-15,2026-06-15,16269.7,2026-05-15,2026-05-18,2026-05-28,NONE
BOL202601049,CTR-1019,2026-01-07,2026-01-29,2026-01-29,16781.1,2026-01-06,2026-01-22,2026-01-26,NONE
BOL202601050,CTR-1134,2026-02-20,2026-03-12,2026-03-12,11005.5,2026-02-17,2026-02-20,2026-02-21,NONE
BOL202601051,CTR-1110,2026-05-03,2026-05-31,2026-05-31,19480.5,2026-04-30,2026-05-16,2026-05-22,NONE
BOL202601052,CTR-1062,2026-03-06,2026-03-28,2026-03-28,13813.7,2026-03-04,2026-03-19,2026-03-20,NONE
BOL202601053,CTR-1113,2026-03-27,2026-04-18,2026-04-18,22412.0,2026-03-24,2026-04-02,2026-04-04,NONE
BOL202601054,CTR-1062,2026-04-25,2026-05-13,2026-05-14,16038.3,2026-04-22,2026-04-25,2026-04-28,CARRIER_ERROR
BOL202601055,CTR-1123,2026-01-16,2026-02-14,2026-02-19,16909.4,2026-01-15,2026-01-27,2026-01-28,WEATHER
BOL202601056,CTR-1108,2026-05-24,2026-06-09,2026-06-09,16103.3,2026-05-23,2026-06-03,2026-06-10,NONE
BOL202601057,CTR-1129,2026-03-01,2026-03-16,2026-03-16,17427.3,2026-02-27,2026-03-15,2026-03-25,NONE
BOL202601058,CTR-1045,2026-01-26,2026-02-20,2026-02-20,20812.4,2026-01-25,2026-02-03,2026-02-12,NONE
BOL202601059,CTR-1120,2026-03-26,2026-04-16,2026-04-16,10196.6,2026-03-23,2026-03-26,2026-04-05,NONE
BOL202601060,CTR-1022,2026-02-19,2026-03-10,2026-03-10,14100.6,2026-02-17,2026-02-26,2026-03-10,NONE
BOL202601061,CTR-1075,2026-04-24,2026-05-14,2026-05-14,22752.4,2026-04-23,2026-04-27,2026-05-02,NONE
BOL202601062,CTR-1131,2026-05-30,2026-06-27,2026-06-27,20427.3,2026-05-28,2026-06-03,2026-06-13,NONE
BOL202601063,CTR-1080,2026-05-19,2026-06-07,2026-06-07,14938.8,2026-05-17,2026-05-23,2026-05-29,NONE
BOL202601064,CTR-1009,2026-01-03,2026-01-22,2026-01-27,23739.2,2026-01-01,2026-01-08,2026-01-12,WEATHER
BOL202601065,CTR-1022,2026-02-21,2026-03-14,2026-03-14,15464.8,2026-02-18,2026-02-27,2026-03-11,NONE
BOL202601066,CTR-1020,2026-04-30,2026-05-25,2026-05-25,19057.6,2026-04-28,2026-05-09,2026-05-14,NONE
BOL202601067,CTR-1077,2026-04-18,2026-05-13,2026-05-13,17268.8,2026-04-17,2026-04-26,2026-04-30,NONE
BOL202601068,CTR-1099,2026-01-01,2026-01-23,2026-01-23,17464.6,2025-12-31,2026-01-05,2026-01-13,NONE
BOL202601069,CTR-1098,2026-03-26,2026-04-22,2026-04-22,12947.9,2026-03-25,2026-04-01,2026-04-02,NONE
BOL202601070,CTR-1116,2026-01-19,2026-02-14,2026-02-15,14649.2,2026-01-18,2026-01-30,2026-02-09,CARRIER_ERROR
BOL202601071,CTR-1020,2026-04-03,2026-04-19,2026-04-19,13186.0,2026-04-01,2026-04-05,2026-04-09,NONE
BOL202601072,CTR-1043,2026-03-09,2026-03-29,2026-03-29,18872.1,2026-03-08,2026-03-13,2026-03-14,NONE
BOL202601073,CTR-1117,2026-02-15,2026-03-10,2026-03-10,10335.9,2026-02-12,2026-02-16,2026-02-23,NONE
BOL202601074,CTR-1049,2026-01-29,2026-02-23,2026-02-23,14881.2,2026-01-28,2026-02-04,2026-02-10,NONE
BOL202601075,CTR-1081,2026-02-13,2026-03-13,2026-03-13,11046.0,2026-02-12,2026-02-28,2026-03-03,NONE
BOL202601076,CTR-1106,2026-02-18,2026-03-11,2026-03-11,21109.7,2026-02-16,2026-02-27,2026-03-06,NONE
BOL202601077,CTR-1130,2026-03-04,2026-03-20,2026-03-20,19397.2,2026-03-01,2026-03-07,2026-03-10,NONE
BOL202601078,CTR-1042,2026-03-25,2026-04-16,2026-04-19,23624.0,2026-03-22,2026-04-07,2026-04-15,CARRIER_ERROR
BOL202601079,CTR-1130,2026-02-23,2026-03-12,2026-03-12,22656.0,2026-02-20,2026-02-23,2026-02-26,NONE
BOL202601080,CTR-1065,2026-05-11,2026-06-07,2026-06-07,20321.1,2026-05-08,2026-05-15,2026-05-23,NONE
BOL202601081,CTR-1039,2026-05-13,2026-06-11,2026-06-11,21399.8,2026-05-10,2026-05-23,2026-05-31,NONE
BOL202601082,CTR-1117,2026-05-07,2026-06-06,2026-06-06,16415.1,2026-05-04,2026-05-16,2026-05-17,NONE
BOL202601083,CTR-1070,2026-02-23,2026-03-17,2026-03-17,17233.3,2026-02-22,2026-03-02,2026-03-06,NONE
BOL202601084,CTR-1063,2026-03-20,2026-04-17,2026-04-17,19141.9,2026-03-18,2026-03-24,2026-04-02,NONE
BOL202601085,CTR-1133,2026-01-22,2026-02-10,2026-02-10,14720.8,2026-01-19,2026-01-26,2026-01-30,NONE
BOL202601086,CTR-1120,2026-05-30,2026-06-15,2026-06-15,19938.0,2026-05-28,2026-06-06,2026-06-14,NONE
BOL202601087,CTR-1016,2026-04-21,2026-05-19,2026-05-19,17960.7,2026-04-19,2026-04-27,2026-04-28,NONE
BOL202601088,CTR-1036,2026-02-15,2026-03-16,2026-03-16,20325.7,2026-02-13,2026-03-01,2026-03-03,NONE
BOL202601089,CTR-1018,2026-03-17,2026-04-03,2026-04-03,24825.7,2026-03-16,2026-03-19,2026-03-21,NONE
BOL202601090,CTR-1134,2026-04-03,2026-04-19,2026-04-19,15340.1,2026-03-31,2026-04-07,2026-04-12,NONE
BOL202601091,CTR-1112,2026-03-19,2026-04-11,2026-04-11,19664.5,2026-03-18,2026-04-02,2026-04-14,NONE
BOL202601092,CTR-1142,2026-05-20,2026-06-12,2026-06-15,23156.9,2026-05-18,2026-05-26,2026-06-05,CUSTOMS_HOLD
BOL202601093,CTR-1067,2026-01-04,2026-02-03,2026-02-03,25828.4,2026-01-03,2026-01-18,2026-01-25,NONE
BOL202601094,CTR-1121,2026-02-28,2026-03-22,2026-03-22,13358.0,2026-02-27,2026-03-09,2026-03-19,NONE
BOL202601095,CTR-1058,2026-05-22,2026-06-20,2026-06-20,17382.4,2026-05-21,2026-05-28,2026-06-01,NONE
BOL202601096,CTR-1001,2026-04-20,2026-05-18,2026-05-18,17199.6,2026-04-17,2026-04-19,2026-04-25,NONE
BOL202601097,CTR-1059,2026-02-05,2026-02-24,2026-02-24,21804.9,2026-02-03,2026-02-17,2026-02-28,NONE
BOL202601098,CTR-1004,2026-04-01,2026-04-26,2026-04-26,16811.5,2026-03-30,2026-04-13,2026-04-25,NONE
BOL202601099,CTR-1078,2026-05-18,2026-06-11,2026-06-11,10371.8,2026-05-17,2026-06-02,2026-06-05,NONE
BOL202601100,CTR-1002,2026-02-09,2026-03-06,2026-03-06,22786.3,2026-02-06,2026-02-17,2026-02-24,NONE
BOL202601101,CTR-1132,2026-04-08,2026-04-29,2026-04-29,11019.3,2026-04-06,2026-04-11,2026-04-19,NONE
BOL202601102,CTR-1039,2026-01-28,2026-02-22,2026-02-22,17224.6,2026-01-26,2026-01-29,2026-02-01,NONE
BOL202601103,CTR-1117,2026-01-27,2026-02-16,2026-02-21,10429.4,2026-01-26,2026-01-29,2026-02-05,CUSTOMS_HOLD
BOL202601104,CTR-1102,2026-03-14,2026-04-04,2026-04-04,20553.1,2026-03-13,2026-03-22,2026-03-23,NONE
BOL202601105,CTR-1102,2026-04-05,2026-04-20,2026-04-20,23755.3,2026-04-03,2026-04-11,2026-04-14,NONE
BOL202601106,CTR-1138,2026-01-29,2026-02-17,2026-02-17,17652.0,2026-01-28,2026-02-05,2026-02-09,NONE
BOL202601107,CTR-1115,2026-02-03,2026-02-24,2026-02-24,23086.3,2026-01-31,2026-02-09,2026-02-12,NONE
BOL202601108,CTR-1014,2026-05-28,2026-06-21,2026-06-21,18039.6,2026-05-25,2026-06-03,2026-06-08,NONE
BOL202601109,CTR-1047,2026-02-21,2026-03-08,2026-03-08,17131.7,2026-02-19,2026-03-02,2026-03-06,NONE
BOL202601110,CTR-1121,2026-05-15,2026-06-09,2026-06-09,24067.8,2026-05-13,2026-05-22,2026-06-01,NONE
BOL202601111,CTR-1027,2026-01-11,2026-01-28,2026-01-28,24095.9,2026-01-09,2026-01-16,2026-01-28,NONE
BOL202601112,CTR-1129,2026-03-18,2026-04-14,2026-04-14,22959.8,2026-03-17,2026-03-25,2026-03-29,NONE
BOL202601113,CTR-1063,2026-02-15,2026-03-15,2026-03-15,24573.3,2026-02-14,2026-02-27,2026-03-09,NONE
BOL202601114,CTR-1023,2026-01-25,2026-02-21,2026-02-21,10698.6,2026-01-24,2026-01-30,2026-02-10,NONE
BOL202601115,CTR-1012,2026-05-18,2026-06-11,2026-06-11,11067.9,2026-05-15,2026-05-28,2026-06-01,NONE
BOL202601116,CTR-1134,2026-05-07,2026-06-04,2026-06-04,18845.2,2026-05-05,2026-05-08,2026-05-10,NONE
BOL202601117,CTR-1078,2026-05-10,2026-06-04,2026-06-04,12637.4,2026-05-09,2026-05-19,2026-05-20,NONE
BOL202601118,CTR-1118,2026-04-29,2026-05-14,2026-05-18,15498.5,2026-04-27,2026-05-12,2026-05-16,CUSTOMS_HOLD
BOL202601119,CTR-1025,2026-04-12,2026-04-28,2026-04-29,24674.2,2026-04-10,2026-04-22,2026-05-04,WEATHER
BOL202601120,CTR-1111,2026-04-29,2026-05-29,2026-05-29,11320.8,2026-04-26,2026-05-01,2026-05-13,NONE
BOL202601121,CTR-1030,2026-04-23,2026-05-12,2026-05-12,14466.3,2026-04-22,2026-04-26,2026-04-27,NONE
BOL202601122,CTR-1077,2026-01-26,2026-02-15,2026-02-15,18554.5,2026-01-24,2026-01-28,2026-01-30,NONE
BOL202601123,CTR-1042,2026-01-03,2026-01-26,2026-01-26,15729.4,2026-01-02,2026-01-15,2026-01-16,NONE
BOL202601124,CTR-1132,2026-05-17,2026-06-07,2026-06-07,10764.1,2026-05-14,2026-05-28,2026-06-06,NONE
BOL202601125,CTR-1016,2026-01-27,2026-02-23,2026-02-23,17103.8,2026-01-24,2026-01-26,2026-01-27,NONE
BOL202601126,CTR-1028,2026-04-07,2026-04-28,2026-04-28,15994.3,2026-04-06,2026-04-11,2026-04-13,NONE
BOL202601127,CTR-1134,2026-01-05,2026-02-02,2026-02-03,23128.4,2026-01-02,2026-01-14,2026-01-16,CUSTOMS_HOLD
BOL202601128,CTR-1012,2026-02-26,2026-03-16,2026-03-16,23287.2,2026-02-25,2026-03-10,2026-03-13,NONE
BOL202601129,CTR-1031,2026-01-12,2026-02-09,2026-02-09,23050.0,2026-01-10,2026-01-20,2026-01-31,NONE
BOL202601130,CTR-1076,2026-02-18,2026-03-11,2026-03-11,16321.0,2026-02-16,2026-02-19,2026-02-23,NONE
BOL202601131,CTR-1025,2026-02-24,2026-03-14,2026-03-14,12777.9,2026-02-22,2026-03-06,2026-03-12,NONE
BOL202601132,CTR-1098,2026-01-04,2026-01-31,2026-01-31,13521.5,2026-01-01,2026-01-16,2026-01-21,NONE
BOL202601133,CTR-1076,2026-04-05,2026-04-21,2026-04-23,14824.5,2026-04-02,2026-04-11,2026-04-13,CUSTOMS_HOLD
BOL202601134,CTR-1079,2026-05-18,2026-06-07,2026-06-07,11515.9,2026-05-16,2026-05-28,2026-06-09,NONE
BOL202601135,CTR-1044,2026-04-10,2026-04-29,2026-04-29,20165.7,2026-04-07,2026-04-14,2026-04-25,NONE
BOL202601136,CTR-1055,2026-05-04,2026-05-21,2026-05-21,19736.5,2026-05-01,2026-05-10,2026-05-17,NONE
BOL202601137,CTR-1027,2026-05-11,2026-06-02,2026-06-02,21274.1,2026-05-10,2026-05-15,2026-05-16,NONE
BOL202601138,CTR-1131,2026-02-01,2026-02-25,2026-02-25,16856.0,2026-01-31,2026-02-11,2026-02-13,NONE
BOL202601139,CTR-1096,2026-01-16,2026-02-04,2026-02-04,14745.8,2026-01-15,2026-01-23,2026-01-27,NONE
BOL202601140,CTR-1125,2026-01-10,2026-02-01,2026-02-01,19569.2,2026-01-08,2026-01-21,2026-01-27,NONE
BOL202601141,CTR-1025,2026-02-04,2026-02-27,2026-02-27,22591.5,2026-02-03,2026-02-13,2026-02-20,NONE
BOL202601142,CTR-1130,2026-03-15,2026-03-30,2026-03-30,21726.0,2026-03-13,2026-03-18,2026-03-22,NONE
BOL202601143,CTR-1071,2026-05-19,2026-06-04,2026-06-04,20640.1,2026-05-18,2026-06-01,2026-06-12,NONE
BOL202601144,CTR-1071,2026-02-26,2026-03-25,2026-03-25,12936.7,2026-02-23,2026-02-25,2026-02-27,NONE
BOL202601145,CTR-1129,2026-05-06,2026-05-23,2026-05-23,10833.7,2026-05-05,2026-05-10,2026-05-13,NONE
BOL202601146,CTR-1076,2026-01-24,2026-02-13,2026-02-13,23299.5,2026-01-23,2026-01-28,2026-02-06,NONE
BOL202601147,CTR-1062,2026-01-21,2026-02-18,2026-02-18,14983.4,2026-01-18,2026-01-23,2026-01-27,NONE
BOL202601148,CTR-1124,2026-04-19,2026-05-09,2026-05-09,14849.6,2026-04-16,2026-04-25,2026-05-06,NONE
BOL202601149,CTR-1077,2026-02-21,2026-03-16,2026-03-16,17698.7,2026-02-19,2026-02-27,2026-03-06,NONE
BOL202601150,CTR-1078,2026-02-12,2026-03-14,2026-03-14,18084.7,2026-02-09,2026-02-17,2026-02-20,NONE
BOL202601151,CTR-1128,2026-05-04,2026-05-19,2026-05-19,16838.4,2026-05-03,2026-05-17,2026-05-22,NONE
BOL202601152,CTR-1100,2026-05-18,2026-06-06,2026-06-06,12811.2,2026-05-16,2026-05-25,2026-05-30,NONE
BOL202601153,CTR-1029,2026-04-27,2026-05-21,2026-05-21,19696.4,2026-04-26,2026-05-03,2026-05-06,NONE
BOL202601154,CTR-1046,2026-05-01,2026-05-22,2026-05-22,13034.0,2026-04-30,2026-05-15,2026-05-24,NONE
BOL202601155,CTR-1030,2026-04-06,2026-05-06,2026-05-06,16653.1,2026-04-04,2026-04-17,2026-04-23,NONE
BOL202601156,CTR-1068,2026-04-09,2026-05-09,2026-05-09,25800.4,2026-04-08,2026-04-16,2026-04-17,NONE
BOL202601157,CTR-1006,2026-02-01,2026-02-28,2026-02-28,12597.8,2026-01-30,2026-02-05,2026-02-17,NONE
BOL202601158,CTR-1135,2026-03-31,2026-04-30,2026-04-30,15890.9,2026-03-30,2026-04-11,2026-04-18,NONE
BOL202601159,CTR-1064,2026-04-19,2026-05-11,2026-05-11,10552.1,2026-04-17,2026-04-29,2026-05-11,NONE
BOL202601160,CTR-1044,2026-01-08,2026-01-27,2026-01-27,17287.5,2026-01-05,2026-01-09,2026-01-14,NONE
BOL202601161,CTR-1133,2026-03-05,2026-03-25,2026-03-26,21385.8,2026-03-03,2026-03-11,2026-03-23,WEATHER
BOL202601162,CTR-1038,2026-05-31,2026-06-17,2026-06-17,13021.2,2026-05-29,2026-06-02,2026-06-09,NONE
BOL202601163,CTR-1045,2026-03-06,2026-03-30,2026-03-30,18531.2,2026-03-04,2026-03-15,2026-03-20,NONE
BOL202601164,CTR-1074,2026-04-16,2026-05-03,2026-05-03,19161.8,2026-04-14,2026-04-29,2026-05-02,NONE
BOL202601165,CTR-1130,2026-03-10,2026-03-31,2026-03-31,16367.5,2026-03-08,2026-03-10,2026-03-13,NONE
BOL202601166,CTR-1049,2026-05-06,2026-05-21,2026-05-25,16669.5,2026-05-04,2026-05-17,2026-05-24,WEATHER
BOL202601167,CTR-1022,2026-02-13,2026-03-05,2026-03-05,21264.8,2026-02-12,2026-02-21,2026-02-24,NONE
BOL202601168,CTR-1058,2026-05-09,2026-05-27,2026-05-27,23029.9,2026-05-08,2026-05-13,2026-05-14,NONE
BOL202601169,CTR-1009,2026-02-16,2026-03-09,2026-03-09,24436.4,2026-02-14,2026-02-23,2026-03-06,NONE
BOL202601170,CTR-1048,2026-01-28,2026-02-17,2026-02-18,11994.9,2026-01-27,2026-02-03,2026-02-04,CUSTOMS_HOLD
BOL202601171,CTR-1038,2026-05-30,2026-06-21,2026-06-21,20764.9,2026-05-29,2026-05-31,2026-06-01,NONE
BOL202601172,CTR-1090,2026-03-10,2026-03-25,2026-03-25,22627.3,2026-03-09,2026-03-12,2026-03-16,NONE
BOL202601173,CTR-1049,2026-05-14,2026-05-29,2026-05-29,18321.2,2026-05-12,2026-05-28,2026-06-05,NONE
BOL202601174,CTR-1038,2026-05-02,2026-05-27,2026-05-27,15384.8,2026-04-29,2026-05-15,2026-05-21,NONE
BOL202601175,CTR-1120,2026-03-22,2026-04-13,2026-04-13,20641.3,2026-03-20,2026-03-31,2026-04-01,NONE
BOL202601176,CTR-1008,2026-04-02,2026-04-27,2026-04-27,10049.4,2026-03-30,2026-04-07,2026-04-19,NONE
BOL202601177,CTR-1120,2026-02-05,2026-02-20,2026-02-20,23904.1,2026-02-03,2026-02-16,2026-02-20,NONE
BOL202601178,CTR-1128,2026-04-05,2026-05-04,2026-05-04,20542.0,2026-04-03,2026-04-13,2026-04-20,NONE
BOL202601179,CTR-1067,2026-02-18,2026-03-05,2026-03-05,25320.8,2026-02-16,2026-02-18,2026-03-01,NONE
BOL202601180,CTR-1023,2026-04-03,2026-04-19,2026-04-19,21773.0,2026-03-31,2026-04-09,2026-04-13,NONE
BOL202601181,CTR-1061,2026-05-05,2026-06-01,2026-06-01,22703.4,2026-05-03,2026-05-11,2026-05-19,NONE
BOL202601182,CTR-1070,2026-01-26,2026-02-22,2026-02-22,13121.2,2026-01-25,2026-02-09,2026-02-18,NONE
BOL202601183,CTR-1121,2026-05-27,2026-06-12,2026-06-12,22749.1,2026-05-25,2026-06-09,2026-06-20,NONE
BOL202601184,CTR-1132,2026-05-21,2026-06-19,2026-06-19,17140.6,2026-05-20,2026-05-29,2026-06-09,NONE
BOL202601185,CTR-1126,2026-05-19,2026-06-10,2026-06-10,12726.9,2026-05-16,2026-05-29,2026-05-31,NONE
BOL202601186,CTR-1016,2026-01-28,2026-02-25,2026-02-25,10467.5,2026-01-26,2026-02-11,2026-02-18,NONE
BOL202601187,CTR-1034,2026-03-13,2026-04-04,2026-04-04,20654.9,2026-03-10,2026-03-13,2026-03-24,NONE
BOL202601188,CTR-1130,2026-02-04,2026-03-06,2026-03-09,24908.5,2026-02-01,2026-02-04,2026-02-15,CARRIER_ERROR
BOL202601189,CTR-1077,2026-03-29,2026-04-25,2026-04-25,21887.5,2026-03-26,2026-04-03,2026-04-14,NONE
BOL202601190,CTR-1067,2026-05-24,2026-06-21,2026-06-21,13576.8,2026-05-23,2026-05-29,2026-05-31,NONE
BOL202601191,CTR-1090,2026-01-29,2026-02-15,2026-02-15,19475.2,2026-01-28,2026-02-10,2026-02-12,NONE
BOL202601192,CTR-1044,2026-05-27,2026-06-22,2026-06-22,15014.0,2026-05-25,2026-06-05,2026-06-17,NONE
BOL202601193,CTR-1008,2026-01-01,2026-01-25,2026-01-30,23553.9,2025-12-30,2026-01-06,2026-01-12,CARRIER_ERROR
BOL202601194,CTR-1050,2026-02-02,2026-02-24,2026-02-24,10147.0,2026-01-31,2026-02-07,2026-02-10,NONE
BOL202601195,CTR-1113,2026-03-17,2026-04-08,2026-04-08,17292.6,2026-03-14,2026-03-20,2026-03-23,NONE
BOL202601196,CTR-1142,2026-01-09,2026-02-03,2026-02-03,25845.4,2026-01-08,2026-01-14,2026-01-26,NONE
BOL202601197,CTR-1072,2026-05-27,2026-06-26,2026-06-26,13451.3,2026-05-25,2026-06-07,2026-06-14,NONE
BOL202601198,CTR-1082,2026-01-16,2026-02-10,2026-02-10,21468.3,2026-01-13,2026-01-29,2026-02-02,NONE
BOL202601199,CTR-1093,2026-01-14,2026-02-03,2026-02-03,21638.3,2026-01-12,2026-01-27,2026-02-07,NONE
BOL202601200,CTR-1002,2026-02-10,2026-02-25,2026-02-25,15398.6,2026-02-07,2026-02-16,2026-02-22,NONE
