Invoice_Number,BOL_Number,Carrier,Invoice_Date,Invoice_Currency,Billed_Weight_KG,Billed_Base_Rate,Billed_Fuel_Surcharge,Billed_Demurrage_Amount,Billed_Detention_Amount,Billed_Total_Amount
INV-2026-5001,BOL202600001,Evergreen,2026-02-07,USD,19885.4,2473.0,206.0,0.0,0.0,2679.0
INV-2026-5002,BOL202600002,Maersk,2026-05-26,USD,17072.7,2092.0,291.0,0.0,240.0,2623.0
INV-2026-5003,BOL202600003,Evergreen,2026-03-02,USD,14531.9,1708.0,226.0,350.0,200.0,2484.0
INV-2026-5004,BOL202600004,Maersk,2026-06-14,USD,10876.5,1875.0,258.0,50.0,40.0,2223.0
INV-2026-5005,BOL202600005,Maersk,2026-03-03,USD,11919.7,997.0,154.0,350.0,80.0,1581.0
INV-2026-5006,BOL202600006,COSCO,2026-03-10,USD,21258.7,792.0,79.2,150.0,360.0,1381.2
INV-2026-5007,BOL202600007,ONE,2026-04-21,VND,21872.7,2426.0,182.0,0.0,200.0,2808.0
INV-2026-5008,BOL202600008,ONE,2026-02-16,EUR,19174.4,1230.0,123.0,250.0,80.0,1683.0
INV-2026-5009,BOL202600009,Evergreen,2026-04-05,USD,25459.2,2116.0,253.92,650.0,200.0,3219.92
INV-2026-5010,BOL202600010,Maersk,2026-05-28,USD,16970.8,1285.0,290.0,150.0,0.0,1725.0
INV-2026-5011,BOL202600011,ONE,2026-05-09,VND,13545.2,29816500.0,4472475.0,0.0,5880000.0,40168975.0
INV-2026-5012,BOL202600012,Maersk,2026-02-25,USD,15590.0,2025.0,258.0,750.0,320.0,3353.0
INV-2026-5013,BOL202600013,Maersk,2026-03-05,USD,14095.5,3231.0,203.0,200.0,0.0,3634.0
INV-2026-5014,BOL202600014,Evergreen,2026-02-14,USD,20047.2,2730.0,135.0,450.0,320.0,3635.0
INV-2026-5015,BOL202600015,Evergreen,2026-07-02,USD,24112.8,1765.0,128.0,250.0,280.0,2423.0
INV-2026-5016,BOL202600016,Evergreen,2026-04-21,USD,11092.6,3043.0,293.0,450.0,80.0,3866.0
INV-2026-5017,BOL202600017,Evergreen,2026-03-30,USD,11187.1,1708.0,226.0,200.0,0.0,2134.0
INV-2026-5018,BOL202600018,ONE,2026-02-15,EUR,11227.7,1058.0,257.0,200.0,200.0,1715.0
INV-2026-5019,BOL202600019,COSCO,2026-06-10,EUR,18869.1,959.0,296.0,650.0,120.0,2025.0
INV-2026-5020,BOL202600020,Maersk,2026-05-19,EUR,17610.1,2959.0,260.0,0.0,200.0,3419.0
INV-2026-5021,BOL202600021,COSCO,2026-02-24,EUR,11349.3,917.0,110.04,0.0,0.0,1027.04
INV-2026-5022,BOL202600022,CMA CGM,2026-04-08,USD,18385.1,1244.0,174.0,0.0,40.0,1458.0
INV-2026-5023,BOL202600023,CMA CGM,2026-05-03,USD,22391.4,2694.0,269.4,350.0,0.0,3313.4
INV-2026-5024,BOL202600024,ONE,2026-04-18,USD,18927.4,1788.0,202.0,50.0,120.0,2160.0
INV-2026-5025,BOL202600025,ONE,2026-03-11,EUR,14963.7,931.0,111.72,350.0,240.0,1632.72
INV-2026-5026,BOL202600026,Evergreen,2026-05-03,USD,25008.0,1076.0,161.4,150.0,80.0,1467.4
INV-2026-5027,BOL202600027,CMA CGM,2026-04-19,USD,23263.3,2242.0,210.0,250.0,160.0,2862.0
INV-2026-5028,BOL202600028,CMA CGM,2026-02-26,USD,10291.7,2694.0,269.4,0.0,0.0,2963.4
INV-2026-5029,BOL202600029,CMA CGM,2026-04-30,USD,25999.6,1645.0,262.0,0.0,80.0,1987.0
INV-2026-5030,BOL202600030,Evergreen,2026-02-13,USD,24022.3,3043.0,293.0,0.0,280.0,3616.0
INV-2026-5031,BOL202600031,Evergreen,2026-04-29,USD,23301.5,2730.0,135.0,450.0,0.0,3315.0
INV-2026-5032,BOL202600032,Evergreen,2026-05-13,USD,20821.8,3264.0,391.68,200.0,320.0,4175.68
INV-2026-5033,BOL202600033,CMA CGM,2026-04-15,USD,15947.4,1244.0,174.0,650.0,0.0,2068.0
INV-2026-5034,BOL202600034,ONE,2026-05-06,EUR,14508.3,1230.0,123.0,150.0,280.0,1783.0
INV-2026-5035,BOL202600035,CMA CGM,2026-05-12,USD,22820.1,1645.0,262.0,750.0,80.0,2737.0
INV-2026-5036,BOL202600036,CMA CGM,2026-02-18,VND,18872.7,74039000.0,5855500.0,8575000.0,3920000.0,92389500.0
INV-2026-5037,BOL202600037,COSCO,2026-03-01,USD,17189.1,2549.0,232.0,0.0,160.0,2941.0
INV-2026-5038,BOL202600038,MSC,2026-02-20,USD,24154.1,1016.0,279.0,50.0,0.0,1345.0
INV-2026-5039,BOL202600039,MSC,2026-05-12,EUR,25912.4,2747.0,412.05,0.0,0.0,3159.05
INV-2026-5040,BOL202600040,CMA CGM,2026-04-14,EUR,20399.4,1589.0,184.0,0.0,0.0,1773.0
INV-2026-5041,BOL202600041,Maersk,2026-04-16,USD,12220.7,2515.0,281.0,200.0,120.0,3116.0
INV-2026-5042,BOL202600042,Maersk,2026-01-23,EUR,18780.9,2811.0,337.32,350.0,160.0,3658.32
INV-2026-5043,BOL202600043,CMA CGM,2026-05-10,VND,13802.2,30478000.0,4263000.0,0.0,0.0,34741000.0
INV-2026-5044,BOL202600044,CMA CGM,2026-05-25,EUR,18576.9,972.0,116.64,250.0,280.0,1618.64
INV-2026-5045,BOL202600045,COSCO,2026-03-24,EUR,10025.0,959.0,296.0,0.0,200.0,1455.0
INV-2026-5046,BOL202600046,MSC,2026-05-10,EUR,13109.9,2266.0,226.6,0.0,240.0,2732.6
INV-2026-5047,BOL202600047,MSC,2026-06-09,VND,17522.2,39665500.0,5047000.0,1225000.0,2940000.0,48877500.0
INV-2026-5048,BOL202600048,ONE,2026-03-23,USD,11081.0,2842.0,179.0,350.0,320.0,3691.0
INV-2026-5049,BOL202600049,COSCO,2026-02-24,USD,15636.8,1448.0,300.0,550.0,240.0,2538.0
INV-2026-5050,BOL202600050,MSC,2026-03-18,USD,17656.5,2911.0,124.0,650.0,120.0,3805.0
INV-2026-5051,BOL202600051,MSC,2026-02-22,USD,22657.7,2358.0,145.0,100.0,80.0,2683.0
INV-2026-5052,BOL202600052,MSC,2026-06-11,USD,18688.5,849.0,101.88,200.0,240.0,1390.88
INV-2026-5053,BOL202600053,Maersk,2026-03-16,EUR,22493.5,2959.0,260.0,0.0,80.0,3299.0
INV-2026-5054,BOL202600054,Maersk,2026-03-03,USD,16400.3,2163.0,259.56,650.0,160.0,3232.56
INV-2026-5055,BOL202600055,ONE,2026-04-21,USD,17960.4,2760.0,236.0,0.0,120.0,3116.0
INV-2026-5056,BOL202600056,Maersk,2026-05-09,EUR,32332.9,2086.0,208.6,250.0,80.0,2624.6
INV-2026-5057,BOL202600057,Maersk,2026-04-17,USD,21252.7,3052.0,289.0,150.0,0.0,3491.0
INV-2026-5058,BOL202600058,CMA CGM,2026-05-23,USD,21629.0,3103.0,159.0,200.0,160.0,3622.0
INV-2026-5059,BOL202600059,Evergreen,2026-04-06,EUR,18209.4,1969.0,270.0,450.0,0.0,2689.0
INV-2026-5060,BOL202600060,ONE,2026-01-31,USD,20849.4,1593.0,191.16,0.0,0.0,1784.16
INV-2026-5061,BOL202600061,Evergreen,2026-02-11,USD,15861.3,3152.0,472.8,200.0,0.0,3824.8
INV-2026-5062,BOL202600062,COSCO,2026-03-15,USD,15952.2,2730.0,409.5,350.0,0.0,3489.5
INV-2026-5063,BOL202600063,Maersk,2026-06-16,EUR,20393.0,2959.0,260.0,200.0,0.0,3419.0
INV-2026-5064,BOL202600064,Evergreen,2026-03-21,USD,24616.7,2116.0,253.92,50.0,0.0,2419.92
INV-2026-5065,BOL202600065,Evergreen,2026-05-19,EUR,14569.2,1495.0,179.4,0.0,0.0,1674.4
INV-2026-5066,BOL202600066,CMA CGM,2026-02-25,EUR,24378.9,1790.0,214.8,0.0,240.0,2244.8
INV-2026-5067,BOL202600067,Maersk,2026-04-22,USD,18800.0,1103.0,110.3,850.0,0.0,2063.3
INV-2026-5068,BOL202600068,COSCO,2026-03-07,USD,18140.1,2173.0,296.0,0.0,0.0,2469.0
INV-2026-5069,BOL202600069,Maersk,2026-04-10,USD,15902.6,3052.0,289.0,0.0,200.0,3541.0
INV-2026-5070,BOL202600070,MSC,2026-02-13,VND,25993.5,49808500.0,7471275.0,2450000.0,5880000.0,65609775.0
INV-2026-5071,BOL202600071,ONE,2026-05-16,USD,11180.0,3050.0,280.0,250.0,0.0,3580.0
INV-2026-5072,BOL202600072,MSC,2026-05-27,USD,15512.2,1785.0,163.5,250.0,280.0,2478.5
INV-2026-5073,BOL202600073,MSC,2026-03-10,VND,24571.4,2747.0,412.05,550.0,0.0,3709.05
INV-2026-5074,BOL202600074,ONE,2026-06-03,USD,12591.5,1217.0,182.55,0.0,120.0,1519.55
INV-2026-5075,BOL202600075,MSC,2026-06-11,VND,14009.7,20800500.0,2496060.0,6125000.0,0.0,29421560.0
INV-2026-5076,BOL202600076,CMA CGM,2026-03-03,USD,11494.9,1645.0,262.0,0.0,280.0,2187.0
INV-2026-5077,BOL202600077,MSC,2026-06-20,EUR,19991.7,1898.0,133.0,0.0,200.0,2231.0
INV-2026-5078,BOL202600078,MSC,2026-02-02,EUR,20418.1,2747.0,412.05,50.0,280.0,3489.05
INV-2026-5079,BOL202600079,MSC,2026-02-09,EUR,18729.2,1898.0,133.0,0.0,120.0,2151.0
INV-2026-5080,BOL202600080,Evergreen,2026-04-04,EUR,11167.6,925.0,92.5,0.0,120.0,1137.5
INV-2026-5081,BOL202600081,Maersk,2026-05-19,EUR,15443.1,2086.0,208.6,100.0,360.0,2754.6
INV-2026-5082,BOL202600082,COSCO,2026-04-21,EUR,12092.3,1630.0,260.0,250.0,160.0,2300.0
INV-2026-5083,BOL202600083,MSC,2026-02-25,USD,11960.4,2672.0,320.64,0.0,0.0,2992.64
INV-2026-5084,BOL202600084,MSC,2026-02-15,USD,16146.4,2778.0,416.7,50.0,160.0,3404.7
INV-2026-5085,BOL202600085,CMA CGM,2026-03-09,USD,21538.1,1922.0,289.0,450.0,0.0,2661.0
INV-2026-5086,BOL202600086,ONE,2026-06-08,USD,14936.6,1217.0,182.55,0.0,160.0,1559.55
INV-2026-5087,BOL202600087,Evergreen,2026-06-12,USD,13442.3,2709.0,255.0,0.0,0.0,2964.0
INV-2026-5088,BOL202600088,Maersk,2026-04-18,USD,23485.6,3231.0,203.0,100.0,0.0,3534.0
INV-2026-5089,BOL202600089,ONE,2026-06-04,USD,16894.8,2369.92,167.44,322.0,110.4,2969.76
INV-2026-5090,BOL202600090,COSCO,2026-05-13,USD,18989.1,686.0,102.9,150.0,80.0,1018.9
INV-2026-5091,BOL202600091,MSC,2026-02-19,EUR,22230.5,1898.0,133.0,550.0,200.0,2781.0
INV-2026-5092,BOL202600092,Evergreen,2026-02-22,USD,16302.5,3193.0,293.0,250.0,120.0,3856.0
INV-2026-5093,BOL202600093,MSC,2026-03-04,USD,19490.9,2778.0,416.7,0.0,0.0,3194.7
INV-2026-5094,BOL202600094,COSCO,2026-03-05,USD,18309.3,1121.0,168.15,200.0,240.0,1729.15
INV-2026-5095,BOL202600095,ONE,2026-03-04,USD,15096.5,1217.0,182.55,200.0,360.0,1959.55
INV-2026-5096,BOL202600096,ONE,2026-04-15,USD,18155.4,688.0,134.0,350.0,200.0,1372.0
INV-2026-5097,BOL202600097,Maersk,2026-04-21,USD,15893.7,2092.0,291.0,0.0,160.0,2543.0
INV-2026-5098,BOL202600098,Evergreen,2026-06-27,USD,21605.2,2730.0,135.0,250.0,0.0,3115.0
INV-2026-5099,BOL202600099,COSCO,2026-05-30,USD,22526.5,3244.0,324.4,200.0,0.0,3768.4
INV-2026-5100,BOL202600100,MSC,2026-02-18,USD,20064.4,1619.0,206.0,450.0,160.0,2435.0
INV-2026-5101,BOL202600101,ONE,2026-03-05,USD,10303.0,1788.0,202.0,150.0,0.0,2140.0
INV-2026-5102,BOL202600102,ONE,2026-05-10,EUR,22399.6,2838.0,283.8,550.0,280.0,3951.8
INV-2026-5103,BOL202600103,MSC,2026-02-06,EUR,18974.2,2266.0,226.6,100.0,240.0,2832.6
INV-2026-5104,BOL202600104,Evergreen,2026-05-07,USD,17354.6,2473.0,206.0,100.0,280.0,3059.0
INV-2026-5105,BOL202600105,Maersk,2026-04-29,USD,13076.2,882.0,132.3,0.0,240.0,1254.3
INV-2026-5106,BOL202600106,CMA CGM,2026-04-12,EUR,25716.2,1589.0,184.0,550.0,0.0,2323.0
INV-2026-5107,BOL202600107,Evergreen,2026-06-05,USD,18967.8,2473.0,206.0,50.0,0.0,2729.0
INV-2026-5108,BOL202600108,CMA CGM,2026-03-05,EUR,16312.5,972.0,116.64,650.0,0.0,1738.64
INV-2026-5109,BOL202600109,Evergreen,2026-04-03,USD,21426.3,1866.0,186.6,850.0,200.0,3102.6
INV-2026-5110,BOL202600110,MSC,2026-04-08,USD,23247.2,2901.0,290.1,650.0,240.0,4081.1
INV-2026-5111,BOL202600111,CMA CGM,2026-04-03,USD,21854.3,1244.0,174.0,0.0,0.0,1418.0
INV-2026-5112,BOL202600112,COSCO,2026-06-09,EUR,10839.9,2263.0,270.0,0.0,280.0,2813.0
INV-2026-5113,BOL202600113,ONE,2026-05-24,USD,12199.5,688.0,134.0,650.0,0.0,1472.0
INV-2026-5114,BOL202600114,CMA CGM,2026-05-18,EUR,13191.3,1589.0,184.0,100.0,0.0,1873.0
INV-2026-5115,BOL202600115,CMA CGM,2026-02-06,USD,13715.5,2242.0,210.0,350.0,0.0,2802.0
INV-2026-5116,BOL202600116,CMA CGM,2026-03-17,USD,12812.6,1017.0,291.0,750.0,160.0,2218.0
INV-2026-5117,BOL202600117,COSCO,2026-06-01,EUR,25394.1,959.0,296.0,650.0,0.0,1905.0
INV-2026-5118,BOL202600118,Evergreen,2026-01-30,USD,11716.8,3152.0,472.8,0.0,120.0,3744.8
INV-2026-5119,BOL202600119,MSC,2026-06-22,USD,12147.2,924.0,92.4,100.0,200.0,1316.4
INV-2026-5120,BOL202600120,MSC,2026-03-11,USD,21697.9,2911.0,124.0,50.0,280.0,3365.0
INV-2026-5121,BOL202600121,Evergreen,2026-03-07,USD,22652.3,3255.0,269.0,250.0,0.0,3774.0
INV-2026-5122,BOL202600122,COSCO,2026-03-15,USD,18244.5,985.0,275.0,150.0,240.0,1650.0
INV-2026-5123,BOL202600123,Maersk,2026-02-18,USD,17639.3,882.0,132.3,0.0,80.0,1094.3
INV-2026-5124,BOL202600124,COSCO,2026-05-04,USD,14271.9,1978.0,237.36,50.0,280.0,2545.36
INV-2026-5125,BOL202600125,ONE,2026-06-16,USD,15752.8,1017.0,145.0,0.0,320.0,1482.0
INV-2026-5126,BOL202600126,Maersk,2026-03-05,EUR,16486.7,2959.0,260.0,650.0,360.0,4229.0
INV-2026-5127,BOL202600127,Evergreen,2026-04-13,EUR,25050.2,1622.0,243.3,200.0,40.0,2105.3
INV-2026-5128,BOL202600128,Evergreen,2026-03-20,EUR,17279.7,1772.0,243.3,0.0,160.0,2175.3
INV-2026-5129,BOL202600129,Maersk,2026-06-24,USD,22831.9,2593.0,163.0,650.0,0.0,3406.0
INV-2026-5130,BOL202600130,CMA CGM,2026-02-21,USD,15788.6,1529.0,152.9,0.0,0.0,1681.9
INV-2026-5131,BOL202600131,CMA CGM,2026-06-16,USD,12397.6,2242.0,210.0,550.0,160.0,3162.0
INV-2026-5132,BOL202600132,Maersk,2026-05-14,USD,21470.7,1285.0,290.0,0.0,240.0,1815.0
INV-2026-5133,BOL202600133,ONE,2026-05-14,USD,18212.0,1017.0,145.0,200.0,0.0,1362.0
INV-2026-5134,BOL202600134,Maersk,2026-06-26,USD,14930.7,1285.0,290.0,50.0,80.0,1705.0
INV-2026-5135,BOL202600135,COSCO,2026-01-26,USD,10724.6,1978.0,237.36,550.0,0.0,2765.36
INV-2026-5136,BOL202600136,Evergreen,2026-06-09,USD,13345.6,2730.0,135.0,0.0,0.0,2865.0
INV-2026-5137,BOL202600137,ONE,2026-05-07,USD,22253.2,1461.0,178.0,450.0,80.0,2169.0
INV-2026-5138,BOL202600138,Maersk,2026-05-06,USD,24673.8,1347.0,219.0,150.0,0.0,1716.0
INV-2026-5139,BOL202600139,Evergreen,2026-06-09,USD,15564.3,2309.0,270.0,150.0,80.0,2809.0
INV-2026-5140,BOL202600140,ONE,2026-06-08,EUR,13563.0,1230.0,123.0,450.0,0.0,1803.0
INV-2026-5141,BOL202600141,MSC,2026-04-19,USD,18711.1,2778.0,416.7,50.0,160.0,3404.7
INV-2026-5142,BOL202600142,ONE,2026-04-06,USD,14410.4,2437.0,218.0,650.0,0.0,3305.0
INV-2026-5143,BOL202600143,Maersk,2026-02-10,USD,24979.8,1285.0,290.0,0.0,40.0,1615.0
INV-2026-5144,BOL202600144,COSCO,2026-02-10,EUR,17143.1,1770.0,126.0,550.0,120.0,2566.0
INV-2026-5145,BOL202600145,COSCO,2026-03-25,EUR,13749.4,959.0,296.0,450.0,0.0,1705.0
INV-2026-5146,BOL202600146,CMA CGM,2026-03-03,EUR,24662.4,972.0,116.64,100.0,280.0,1468.64
INV-2026-5147,BOL202600147,COSCO,2026-04-18,USD,12292.2,2173.0,296.0,150.0,0.0,2619.0
INV-2026-5148,BOL202600148,Maersk,2026-05-12,EUR,18907.5,2959.0,260.0,650.0,360.0,4229.0
INV-2026-5149,BOL202600149,MSC,2026-03-19,USD,10750.1,1016.0,279.0,250.0,240.0,1785.0
INV-2026-5150,BOL202600150,Evergreen,2026-05-05,USD,16532.1,3255.0,269.0,50.0,0.0,3574.0
INV-2026-5151,BOL202600151,MSC,2026-06-22,USD,13605.5,2778.0,416.7,0.0,200.0,3394.7
INV-2026-5152,BOL202600152,ONE,2026-02-16,EUR,18916.6,662.0,61.44,150.0,40.0,913.44
INV-2026-5153,BOL202600153,CMA CGM,2026-03-31,EUR,11265.1,1155.0,166.0,750.0,40.0,2111.0
INV-2026-5154,BOL202600154,CMA CGM,2026-02-23,USD,19679.5,2694.0,269.4,750.0,0.0,3713.4
INV-2026-5155,BOL202600155,Evergreen,2026-03-15,USD,23911.6,3255.0,269.0,0.0,0.0,3524.0
INV-2026-5156,BOL202600156,Evergreen,2026-03-21,USD,11877.1,2504.0,191.0,850.0,120.0,3665.0
INV-2026-5157,BOL202600157,CMA CGM,2026-03-23,USD,18833.3,1244.0,174.0,50.0,120.0,1588.0
INV-2026-5158,BOL202600158,ONE,2026-06-15,USD,15754.3,2264.0,226.4,100.0,0.0,2590.4
INV-2026-5159,BOL202600159,Maersk,2026-05-30,VND,15931.3,31482500.0,7105000.0,0.0,6860000.0,45447500.0
INV-2026-5160,BOL202600160,MSC,2026-03-25,VND,19266.3,24965500.0,6223000.0,1225000.0,0.0,32413500.0
INV-2026-5161,BOL202600161,CMA CGM,2026-03-19,USD,19116.6,942.0,113.04,100.0,160.0,1315.04
INV-2026-5162,BOL202600162,CMA CGM,2026-04-24,EUR,17817.9,1589.0,184.0,450.0,280.0,2503.0
INV-2026-5163,BOL202600163,ONE,2026-06-08,USD,22719.6,2762.0,143.0,0.0,360.0,3265.0
INV-2026-5164,BOL202600164,Evergreen,2026-06-23,USD,24229.8,1621.0,266.0,0.0,160.0,2047.0
INV-2026-5165,BOL202600165,Evergreen,2026-01-28,VND,20691.4,36039500.0,6517000.0,1225000.0,0.0,43781500.0
INV-2026-5166,BOL202600166,MSC,2026-03-22,USD,10146.3,1635.0,163.5,100.0,120.0,2018.5
INV-2026-5167,BOL202600167,Maersk,2026-02-17,EUR,10251.7,474.0,196.0,150.0,80.0,900.0
INV-2026-5168,BOL202600168,Evergreen,2026-01-23,VND,14395.9,66885000.0,3307500.0,0.0,3920000.0,74112500.0
INV-2026-5169,BOL202600169,ONE,2026-05-14,USD,11541.0,3193.0,225.0,0.0,40.0,3458.0
INV-2026-5170,BOL202600170,CMA CGM,2026-06-12,EUR,14277.2,1589.0,184.0,0.0,40.0,1813.0
INV-2026-5171,BOL202600171,CMA CGM,2026-05-18,USD,25843.7,2709.0,325.08,50.0,320.0,3404.08
INV-2026-5172,BOL202600172,CMA CGM,2026-02-12,USD,18843.2,2694.0,269.4,450.0,0.0,3413.4
INV-2026-5173,BOL202600173,COSCO,2026-03-05,EUR,16942.6,870.0,130.5,200.0,0.0,1200.5
INV-2026-5174,BOL202600174,MSC,2026-06-04,USD,24420.4,3169.0,452.85,650.0,200.0,4471.85
INV-2026-5175,BOL202600175,Maersk,2026-05-29,USD,24809.4,2722.28,239.2,184.0,294.4,3439.88
INV-2026-5176,BOL202600176,CMA CGM,2026-02-01,USD,15031.8,1638.0,245.0,350.0,0.0,2233.0
INV-2026-5177,BOL202600177,Maersk,2026-05-02,USD,19023.3,1624.0,139.0,550.0,160.0,2473.0
INV-2026-5178,BOL202600178,CMA CGM,2026-06-18,EUR,21835.9,972.0,116.64,550.0,0.0,1638.64
INV-2026-5179,BOL202600179,Evergreen,2026-06-10,USD,23418.8,1765.0,128.0,200.0,280.0,2373.0
INV-2026-5180,BOL202600180,CMA CGM,2026-05-12,EUR,17849.7,1649.0,162.0,250.0,160.0,2221.0
INV-2026-5181,BOL202600181,Evergreen,2026-05-13,USD,20570.8,2316.0,180.0,450.0,280.0,3226.0
INV-2026-5182,BOL202600182,COSCO,2026-04-12,USD,11312.6,3244.0,324.4,50.0,280.0,3898.4
INV-2026-5183,BOL202600183,COSCO,2026-03-10,EUR,11704.8,2413.0,270.0,0.0,120.0,2803.0
INV-2026-5184,BOL202600184,Maersk,2026-04-28,EUR,11396.8,2825.0,239.0,100.0,160.0,3324.0
INV-2026-5185,BOL202600185,COSCO,2026-06-22,USD,11433.9,3244.0,324.4,0.0,200.0,3768.4
INV-2026-5186,BOL202600186,CMA CGM,2026-04-30,USD,22466.7,1017.0,291.0,850.0,240.0,2398.0
INV-2026-5187,BOL202600187,MSC,2026-03-27,USD,12712.0,2358.0,145.0,50.0,80.0,2633.0
INV-2026-5188,BOL202600188,MSC,2026-06-03,USD,16737.6,924.0,92.4,450.0,120.0,1586.4
INV-2026-5189,BOL202600189,COSCO,2026-04-28,USD,21534.4,3244.0,324.4,200.0,200.0,3968.4
INV-2026-5190,BOL202600190,Evergreen,2026-03-26,USD,14874.5,2504.0,191.0,100.0,200.0,2995.0
INV-2026-5191,BOL202600191,Maersk,2026-05-05,USD,16889.9,2163.0,259.56,200.0,0.0,2622.56
INV-2026-5192,BOL202600192,Evergreen,2026-04-16,EUR,21124.7,1495.0,179.4,0.0,0.0,1674.4
INV-2026-5193,BOL202600193,ONE,2026-05-12,USD,21119.3,1217.0,182.55,200.0,40.0,1639.55
INV-2026-5194,BOL202600194,COSCO,2026-04-23,EUR,22573.9,2263.0,270.0,0.0,200.0,2733.0
INV-2026-5195,BOL202600195,CMA CGM,2026-03-16,USD,18801.6,1488.0,245.0,200.0,280.0,2213.0
INV-2026-5196,BOL202600196,Evergreen,2026-03-28,USD,23300.5,589.0,190.0,750.0,160.0,1689.0
INV-2026-5197,BOL202600197,COSCO,2026-05-31,VND,13872.3,1770.0,126.0,0.0,360.0,2256.0
INV-2026-5198,BOL202600198,COSCO,2026-05-24,USD,19315.9,2173.0,296.0,150.0,280.0,2899.0
INV-2026-5199,BOL202600199,ONE,2026-05-07,EUR,15752.5,2426.0,182.0,200.0,440.0,3248.0
INV-2026-5200,BOL202600200,MSC,2026-02-13,USD,20521.6,1635.0,163.5,0.0,320.0,2118.5
INV-2026-5201,BOL202600201,Maersk,2026-02-10,USD,15305.5,2199.0,204.0,0.0,0.0,2403.0
INV-2026-5202,BOL202600202,COSCO,2026-02-22,VND,21949.6,19404000.0,1940400.0,4900000.0,6860000.0,33104400.0
INV-2026-5203,BOL202600203,CMA CGM,2026-06-22,EUR,16258.1,1589.0,184.0,350.0,400.0,2523.0
INV-2026-5204,BOL202600204,ONE,2026-05-31,USD,10393.0,2437.0,218.0,50.0,80.0,2785.0
INV-2026-5205,BOL202600205,CMA CGM,2026-02-14,VND,21682.4,54929000.0,5145000.0,0.0,980000.0,61054000.0
INV-2026-5206,BOL202600206,COSCO,2026-05-22,EUR,15572.8,917.0,110.04,100.0,360.0,1487.04
INV-2026-5207,BOL202600207,Maersk,2026-05-25,USD,11841.4,2365.0,281.0,450.0,0.0,3096.0
INV-2026-5208,BOL202600208,Maersk,2026-03-10,EUR,18830.6,2811.0,337.32,250.0,80.0,3478.32
INV-2026-5209,BOL202600209,MSC,2026-05-26,EUR,20076.2,2286.0,251.0,450.0,240.0,3227.0
INV-2026-5210,BOL202600210,ONE,2026-05-26,VND,17193.2,75827500.0,9099300.0,3675000.0,0.0,88601800.0
INV-2026-5211,BOL202600211,CMA CGM,2026-03-22,EUR,21260.2,1790.0,214.8,200.0,0.0,2204.8
INV-2026-5212,BOL202600212,MSC,2026-06-10,USD,13153.2,3019.0,452.85,0.0,240.0,3711.85
INV-2026-5213,BOL202600213,Evergreen,2026-06-05,USD,19780.9,2473.0,206.0,0.0,40.0,2719.0
INV-2026-5214,BOL202600214,Evergreen,2026-05-03,EUR,23019.8,1622.0,243.3,450.0,80.0,2395.3
INV-2026-5215,BOL202600215,MSC,2026-02-12,USD,13817.2,2033.0,304.95,0.0,120.0,2457.95
INV-2026-5216,BOL202600216,Evergreen,2026-03-09,EUR,12205.9,1969.0,270.0,150.0,0.0,2389.0
INV-2026-5217,BOL202600217,ONE,2026-05-27,EUR,17834.3,1058.0,257.0,0.0,40.0,1355.0
INV-2026-5218,BOL202600218,CMA CGM,2026-05-15,USD,25229.5,2242.0,210.0,0.0,120.0,2572.0
INV-2026-5219,BOL202600219,ONE,2026-05-14,EUR,17867.6,512.0,61.44,750.0,200.0,1523.44
INV-2026-5220,BOL202600220,ONE,2026-05-29,USD,14673.4,2842.0,179.0,200.0,240.0,3461.0
INV-2026-5221,BOL202600221,CMA CGM,2026-04-07,USD,19050.4,701.0,245.0,250.0,160.0,1356.0
INV-2026-5222,BOL202600222,MSC,2026-02-21,EUR,18689.7,1898.0,133.0,150.0,0.0,2181.0
INV-2026-5223,BOL202600223,Maersk,2026-05-16,USD,11638.7,1624.0,139.0,450.0,40.0,2253.0
INV-2026-5224,BOL202600224,CMA CGM,2026-04-06,USD,15577.2,2242.0,210.0,100.0,0.0,2552.0
INV-2026-5225,BOL202600225,CMA CGM,2026-03-25,USD,19406.8,1655.0,180.6,550.0,360.0,2745.6
INV-2026-5226,BOL202600226,Maersk,2026-05-15,USD,22557.6,1103.0,110.3,650.0,0.0,1863.3
INV-2026-5227,BOL202600227,Evergreen,2026-06-24,USD,19549.7,2709.0,255.0,0.0,360.0,3324.0
INV-2026-5228,BOL202600228,CMA CGM,2026-04-13,EUR,25238.4,1499.0,162.0,850.0,320.0,2831.0
INV-2026-5229,BOL202600229,Maersk,2026-02-18,USD,22571.1,882.0,132.3,0.0,320.0,1334.3
INV-2026-5230,BOL202600230,CMA CGM,2026-02-25,USD,21382.3,2859.0,325.08,650.0,320.0,4154.08
INV-2026-5231,BOL202600231,Evergreen,2026-05-13,USD,20118.4,1765.0,128.0,50.0,280.0,2223.0
INV-2026-5232,BOL202600232,Maersk,2026-05-16,USD,24082.0,1875.0,258.0,150.0,240.0,2523.0
INV-2026-5233,BOL202600233,MSC,2026-04-13,USD,17808.7,1934.0,149.0,0.0,360.0,2443.0
INV-2026-5234,BOL202600234,COSCO,2026-02-26,EUR,21156.6,1630.0,260.0,650.0,160.0,2700.0
INV-2026-5235,BOL202600235,MSC,2026-05-06,USD,27119.9,1635.0,163.5,0.0,120.0,1918.5
INV-2026-5236,BOL202600236,COSCO,2026-04-11,EUR,12089.5,2254.0,167.0,650.0,40.0,3111.0
INV-2026-5237,BOL202600237,CMA CGM,2026-02-04,USD,11987.8,811.0,81.1,100.0,200.0,1192.1
INV-2026-5238,BOL202600238,Maersk,2026-01-31,USD,21017.5,2092.0,291.0,650.0,320.0,3353.0
INV-2026-5239,BOL202600239,CMA CGM,2026-04-13,VND,24025.5,79698500.0,3895500.0,6125000.0,2940000.0,92659000.0
INV-2026-5240,BOL202600240,ONE,2026-03-27,USD,24460.8,1788.0,202.0,0.0,80.0,2070.0
INV-2026-5241,BOL202600241,ONE,2026-04-13,USD,11459.2,2579.0,120.0,0.0,0.0,2699.0
INV-2026-5242,BOL202600242,COSCO,2026-05-24,USD,13619.1,3467.0,145.0,200.0,0.0,3812.0
INV-2026-5243,BOL202600243,COSCO,2026-01-30,USD,25810.5,686.0,102.9,350.0,0.0,1138.9
INV-2026-5244,BOL202600244,Maersk,2026-05-24,USD,11429.3,2629.0,315.48,0.0,120.0,3064.48
INV-2026-5245,BOL202600245,Maersk,2026-05-01,USD,26718.8,2092.0,291.0,250.0,320.0,2953.0
INV-2026-5246,BOL202600246,MSC,2026-02-25,USD,10135.6,849.0,101.88,0.0,120.0,1070.88
INV-2026-5247,BOL202600247,MSC,2026-04-23,USD,14411.0,749.0,222.0,200.0,320.0,1491.0
INV-2026-5248,BOL202600248,Evergreen,2026-05-20,USD,22039.1,3264.0,391.68,550.0,80.0,4285.68
INV-2026-5249,BOL202600249,MSC,2026-05-01,EUR,12237.3,2286.0,251.0,450.0,0.0,2987.0
INV-2026-5250,BOL202600250,Evergreen,2026-04-02,VND,21047.6,56742000.0,4410000.0,15925000.0,1960000.0,79037000.0
INV-2026-5251,BOL202600251,COSCO,2026-03-17,EUR,14728.7,2254.0,167.0,650.0,0.0,3071.0
INV-2026-5252,BOL202600252,CMA CGM,2026-06-05,USD,17993.3,1244.0,174.0,0.0,160.0,1578.0
INV-2026-5253,BOL202600253,ONE,2026-02-01,EUR,12111.7,2426.0,182.0,50.0,240.0,2898.0
INV-2026-5254,BOL202600254,COSCO,2026-06-14,USD,25271.2,686.0,102.9,0.0,280.0,1068.9
INV-2026-5255,BOL202600255,ONE,2026-02-05,VND,10637.2,1535.0,279.0,450.0,160.0,2424.0
INV-2026-5256,BOL202600256,Maersk,2026-06-06,USD,18016.8,2163.0,259.56,50.0,360.0,2832.56
INV-2026-5257,BOL202600257,Evergreen,2026-05-03,USD,18602.5,2371.0,170.0,0.0,0.0,2541.0
INV-2026-5258,BOL202600258,MSC,2026-04-12,USD,13251.2,1016.0,279.0,150.0,40.0,1485.0
INV-2026-5259,BOL202600259,COSCO,2026-05-03,USD,16999.8,2997.0,299.7,0.0,0.0,3296.7
INV-2026-5260,BOL202600260,MSC,2026-02-22,USD,22210.8,2358.0,145.0,50.0,320.0,2873.0
INV-2026-5261,BOL202600261,CMA CGM,2026-03-10,USD,10181.6,1645.0,262.0,100.0,240.0,2247.0
INV-2026-5262,BOL202600262,Evergreen,2026-06-07,USD,12030.9,1471.0,266.0,350.0,0.0,2087.0
INV-2026-5263,BOL202600263,MSC,2026-02-05,VND,14351.7,43732500.0,4005750.0,0.0,8820000.0,56558250.0
INV-2026-5264,BOL202600264,ONE,2026-06-18,EUR,18172.5,2988.0,283.8,100.0,200.0,3571.8
INV-2026-5265,BOL202600265,Evergreen,2026-03-15,USD,22373.3,2371.0,170.0,250.0,280.0,3071.0
INV-2026-5266,BOL202600266,CMA CGM,2026-02-25,USD,10041.1,942.0,113.04,0.0,0.0,1055.04
INV-2026-5267,BOL202600267,Evergreen,2026-05-30,USD,12401.4,3302.0,472.8,150.0,280.0,4204.8
INV-2026-5268,BOL202600268,Evergreen,2026-05-14,USD,16660.1,3043.0,293.0,100.0,80.0,3516.0
INV-2026-5269,BOL202600269,COSCO,2026-02-18,USD,20773.2,2730.0,409.5,0.0,0.0,3139.5
INV-2026-5270,BOL202600270,Evergreen,2026-06-02,EUR,11102.8,1495.0,179.4,550.0,80.0,2304.4
INV-2026-5271,BOL202600271,CMA CGM,2026-04-24,EUR,15902.7,1446.0,289.0,200.0,0.0,1935.0
INV-2026-5272,BOL202600272,Maersk,2026-04-04,USD,25549.7,882.0,132.3,350.0,240.0,1604.3
INV-2026-5273,BOL202600273,MSC,2026-03-30,USD,13728.0,1019.0,254.0,450.0,360.0,2083.0
INV-2026-5274,BOL202600274,Evergreen,2026-02-04,USD,21635.4,1471.0,266.0,0.0,160.0,1897.0
INV-2026-5275,BOL202600275,ONE,2026-04-04,VND,10958.3,2838.0,283.8,350.0,0.0,3471.8
INV-2026-5276,BOL202600276,COSCO,2026-02-14,EUR,24356.6,1770.0,126.0,150.0,360.0,2406.0
INV-2026-5277,BOL202600277,CMA CGM,2026-05-10,EUR,11358.4,1499.0,162.0,250.0,0.0,1911.0
INV-2026-5278,BOL202600278,Maersk,2026-05-03,EUR,10996.5,2811.0,337.32,0.0,0.0,3148.32
INV-2026-5279,BOL202600279,Maersk,2026-04-10,USD,24816.7,1447.0,297.0,550.0,360.0,2654.0
INV-2026-5280,BOL202600280,CMA CGM,2026-04-22,USD,13737.8,3172.0,239.0,0.0,200.0,3611.0
INV-2026-5281,BOL202600281,Evergreen,2026-02-20,USD,17193.1,2709.0,255.0,50.0,0.0,3014.0
INV-2026-5282,BOL202600282,MSC,2026-06-18,USD,13322.2,1019.0,254.0,200.0,80.0,1553.0
INV-2026-5283,BOL202600283,ONE,2026-02-20,VND,20976.9,39028500.0,4683420.0,8575000.0,4900000.0,57186920.0
INV-2026-5284,BOL202600284,CMA CGM,2026-02-05,EUR,15244.7,1589.0,184.0,550.0,0.0,2323.0
INV-2026-5285,BOL202600285,COSCO,2026-05-04,USD,20834.9,2549.0,232.0,750.0,0.0,3531.0
INV-2026-5286,BOL202600286,COSCO,2026-02-09,VND,18895.3,56913500.0,7252000.0,0.0,0.0,64165500.0
INV-2026-5287,BOL202600287,Maersk,2026-05-19,USD,12236.7,882.0,132.3,0.0,40.0,1054.3
INV-2026-5288,BOL202600288,MSC,2026-02-27,USD,15955.8,1236.0,137.0,450.0,0.0,1823.0
INV-2026-5289,BOL202600289,Maersk,2026-06-27,USD,11199.8,1103.0,110.3,0.0,240.0,1453.3
INV-2026-5290,BOL202600290,MSC,2026-05-21,VND,10683.1,57771000.0,3552500.0,0.0,0.0,61323500.0
INV-2026-5291,BOL202600291,COSCO,2026-06-28,USD,16320.0,942.0,79.2,50.0,240.0,1311.2
INV-2026-5292,BOL202600292,Maersk,2026-05-15,EUR,24532.9,2825.0,239.0,0.0,120.0,3184.0
INV-2026-5293,BOL202600293,MSC,2026-02-27,USD,19871.6,2033.0,304.95,0.0,200.0,2537.95
INV-2026-5294,BOL202600294,CMA CGM,2026-05-24,EUR,12195.8,1499.0,162.0,450.0,240.0,2351.0
INV-2026-5295,BOL202600295,Evergreen,2026-03-23,USD,22510.7,2371.0,170.0,100.0,160.0,2801.0
INV-2026-5296,BOL202600296,ONE,2026-06-05,VND,18038.3,71295000.0,5782000.0,0.0,0.0,77077000.0
INV-2026-5297,BOL202600297,MSC,2026-02-04,USD,10468.9,3207.0,320.7,0.0,120.0,3647.7
INV-2026-5298,BOL202600298,ONE,2026-06-15,EUR,25993.7,931.0,111.72,0.0,0.0,1042.72
INV-2026-5299,BOL202600299,Evergreen,2026-03-29,EUR,22659.8,1495.0,179.4,0.0,40.0,1714.4
INV-2026-5300,BOL202600300,MSC,2026-06-29,USD,23427.6,1019.0,254.0,0.0,40.0,1313.0
INV-2026-5301,BOL202600301,Maersk,2026-04-23,VND,10451.3,2811.0,337.32,100.0,200.0,3448.32
INV-2026-5302,BOL202600302,CMA CGM,2026-06-15,USD,13011.7,1645.0,262.0,250.0,80.0,2237.0
INV-2026-5303,BOL202600303,CMA CGM,2026-03-20,EUR,19626.6,1790.0,214.8,150.0,120.0,2274.8
INV-2026-5304,BOL202600304,ONE,2026-01-29,USD,13223.4,1788.0,202.0,100.0,280.0,2370.0
INV-2026-5305,BOL202600305,ONE,2026-03-17,VND,21275.1,16856000.0,3283000.0,11025000.0,0.0,31164000.0
INV-2026-5306,BOL202600306,MSC,2026-06-14,USD,15977.5,924.0,92.4,50.0,280.0,1346.4
INV-2026-5307,BOL202600307,ONE,2026-02-22,USD,12183.2,618.0,92.7,550.0,80.0,1340.7
INV-2026-5308,BOL202600308,Maersk,2026-06-04,USD,25499.9,2365.0,281.0,850.0,200.0,3696.0
INV-2026-5309,BOL202600309,Evergreen,2026-04-29,USD,23031.3,2371.0,170.0,0.0,280.0,2821.0
INV-2026-5310,BOL202600310,MSC,2026-04-07,USD,10028.8,2901.0,290.1,200.0,160.0,3551.1
INV-2026-5311,BOL202600311,Maersk,2026-06-14,USD,15091.5,1285.0,290.0,0.0,440.0,2015.0
INV-2026-5312,BOL202600312,ONE,2026-06-17,USD,12250.3,3193.0,225.0,0.0,40.0,3458.0
INV-2026-5313,BOL202600313,ONE,2026-04-29,USD,24165.1,2437.0,218.0,750.0,280.0,3685.0
INV-2026-5314,BOL202600314,CMA CGM,2026-04-29,VND,23666.7,1790.0,214.8,0.0,0.0,2004.8
INV-2026-5315,BOL202600315,Maersk,2026-01-22,USD,21721.4,1347.0,219.0,850.0,80.0,2496.0
INV-2026-5316,BOL202600316,Maersk,2026-06-05,USD,16005.6,997.0,154.0,450.0,200.0,1801.0
INV-2026-5317,BOL202600317,CMA CGM,2026-03-21,USD,22787.1,3022.0,239.0,0.0,0.0,3261.0
INV-2026-5318,BOL202600318,MSC,2026-04-18,USD,11187.2,2778.0,416.7,650.0,160.0,4004.7
INV-2026-5319,BOL202600319,COSCO,2026-03-05,EUR,24370.0,1770.0,126.0,100.0,280.0,2276.0
INV-2026-5320,BOL202600320,COSCO,2026-05-21,EUR,20458.2,823.0,209.0,650.0,80.0,1762.0
INV-2026-5321,BOL202600321,COSCO,2026-03-03,USD,13288.8,2173.0,296.0,50.0,280.0,2799.0
INV-2026-5322,BOL202600322,CMA CGM,2026-06-19,EUR,14758.4,1446.0,289.0,0.0,80.0,1815.0
INV-2026-5323,BOL202600323,ONE,2026-06-29,USD,15773.3,2264.0,226.4,0.0,80.0,2570.4
INV-2026-5324,BOL202600324,CMA CGM,2026-05-30,USD,20211.1,627.0,62.7,200.0,0.0,889.7
INV-2026-5325,BOL202600325,CMA CGM,2026-04-21,USD,24318.0,3172.0,239.0,0.0,240.0,3651.0
INV-2026-5326,BOL202600326,Evergreen,2026-06-21,EUR,24167.9,1077.0,92.7,0.0,120.0,1289.7
INV-2026-5327,BOL202600327,Evergreen,2026-02-08,USD,14214.4,3264.0,391.68,350.0,0.0,4005.68
INV-2026-5328,BOL202600328,Maersk,2026-03-06,USD,16623.8,1875.0,258.0,0.0,240.0,2373.0
INV-2026-5329,BOL202600329,CMA CGM,2026-02-15,USD,16698.1,3022.0,239.0,250.0,120.0,3631.0
INV-2026-5330,BOL202600330,Maersk,2026-06-20,USD,11263.3,1624.0,139.0,200.0,240.0,2203.0
INV-2026-5331,BOL202600331,MSC,2026-06-20,VND,22115.0,73965500.0,11094825.0,0.0,0.0,85060325.0
INV-2026-5332,BOL202600332,MSC,2026-03-15,USD,16966.3,1016.0,279.0,0.0,200.0,1495.0
INV-2026-5333,BOL202600333,Evergreen,2026-04-04,USD,24626.8,3255.0,269.0,200.0,80.0,3804.0
INV-2026-5334,BOL202600334,COSCO,2026-06-21,USD,23706.0,2549.0,232.0,200.0,0.0,2981.0
INV-2026-5335,BOL202600335,Evergreen,2026-07-02,VND,12394.3,927.0,92.7,350.0,200.0,1569.7
INV-2026-5336,BOL202600336,Evergreen,2026-02-16,USD,11615.8,1915.0,128.0,550.0,240.0,2833.0
INV-2026-5337,BOL202600337,ONE,2026-04-29,EUR,20476.6,2426.0,182.0,200.0,200.0,3008.0
INV-2026-5338,BOL202600338,Evergreen,2026-02-01,USD,12301.6,3043.0,293.0,450.0,360.0,4146.0
INV-2026-5339,BOL202600339,MSC,2026-05-01,USD,24063.3,1769.0,206.0,0.0,0.0,1975.0
INV-2026-5340,BOL202600340,MSC,2026-05-28,USD,10323.7,1144.0,199.0,0.0,80.0,1423.0
INV-2026-5341,BOL202600341,COSCO,2026-05-27,USD,13647.3,2173.0,296.0,350.0,120.0,2939.0
INV-2026-5342,BOL202600342,COSCO,2026-04-19,USD,19679.7,3244.0,324.4,0.0,120.0,3688.4
INV-2026-5343,BOL202600343,COSCO,2026-03-29,EUR,22151.9,870.0,130.5,550.0,0.0,1550.5
INV-2026-5344,BOL202600344,CMA CGM,2026-06-10,USD,12170.4,2242.0,210.0,650.0,320.0,3422.0
INV-2026-5345,BOL202600345,CMA CGM,2026-01-30,EUR,23326.9,1446.0,289.0,0.0,0.0,1735.0
INV-2026-5346,BOL202600346,Evergreen,2026-05-15,USD,21274.1,1708.0,226.0,100.0,200.0,2234.0
INV-2026-5347,BOL202600347,ONE,2026-06-08,USD,11982.0,2264.0,226.4,0.0,120.0,2610.4
INV-2026-5348,BOL202600348,Maersk,2026-06-07,USD,23927.7,2092.0,291.0,150.0,120.0,2653.0
INV-2026-5349,BOL202600349,CMA CGM,2026-04-23,VND,14138.6,1589.0,184.0,0.0,0.0,1773.0
INV-2026-5350,BOL202600350,ONE,2026-02-14,EUR,23713.8,1230.0,123.0,0.0,240.0,1593.0
INV-2026-5351,BOL202600351,CMA CGM,2026-03-22,VND,18212.5,19869500.0,1986950.0,0.0,4900000.0,26756450.0
INV-2026-5352,BOL202600352,ONE,2026-02-28,USD,10135.4,2264.0,226.4,200.0,80.0,2770.4
INV-2026-5353,BOL202600353,Maersk,2026-04-14,VND,23625.4,33001500.0,5365500.0,1225000.0,0.0,39592000.0
INV-2026-5354,BOL202600354,MSC,2026-05-27,USD,23189.0,3207.0,320.7,350.0,0.0,3877.7
INV-2026-5355,BOL202600355,Maersk,2026-01-30,USD,19500.4,2199.0,204.0,0.0,240.0,2643.0
INV-2026-5356,BOL202600356,CMA CGM,2026-03-06,EUR,15202.2,1589.0,184.0,50.0,240.0,2063.0
INV-2026-5357,BOL202600357,COSCO,2026-04-10,USD,22247.6,1448.0,300.0,450.0,200.0,2398.0
INV-2026-5358,BOL202600358,Maersk,2026-05-11,EUR,21540.5,1496.0,201.9,100.0,80.0,1877.9
INV-2026-5359,BOL202600359,MSC,2026-04-07,USD,21787.7,749.0,222.0,350.0,280.0,1601.0
INV-2026-5360,BOL202600360,COSCO,2026-03-18,VND,13557.8,959.0,296.0,250.0,120.0,1625.0
INV-2026-5361,BOL202600361,ONE,2026-04-28,EUR,23450.2,1535.0,279.0,0.0,80.0,1894.0
INV-2026-5362,BOL202600362,Maersk,2026-02-27,EUR,14138.4,2293.0,183.0,450.0,0.0,2926.0
INV-2026-5363,BOL202600363,MSC,2026-04-15,USD,13573.2,1619.0,206.0,50.0,120.0,1995.0
INV-2026-5364,BOL202600364,Evergreen,2026-05-03,EUR,17420.2,927.0,92.7,200.0,0.0,1219.7
INV-2026-5365,BOL202600365,CMA CGM,2026-06-21,USD,13112.7,1529.0,152.9,750.0,240.0,2671.9
INV-2026-5366,BOL202600366,ONE,2026-05-05,EUR,23933.6,931.0,111.72,0.0,0.0,1042.72
INV-2026-5367,BOL202600367,COSCO,2026-04-30,VND,24285.5,2575.0,191.0,0.0,40.0,2806.0
INV-2026-5368,BOL202600368,ONE,2026-03-09,USD,20096.5,3050.0,280.0,0.0,320.0,3650.0
INV-2026-5369,BOL202600369,ONE,2026-02-04,EUR,13350.1,1535.0,279.0,200.0,0.0,2014.0
INV-2026-5370,BOL202600370,MSC,2026-05-27,VND,16939.4,20800500.0,2496060.0,3675000.0,1960000.0,28931560.0
INV-2026-5371,BOL202600371,Maersk,2026-06-09,USD,21690.5,3231.0,203.0,650.0,40.0,4124.0
INV-2026-5372,BOL202600372,CMA CGM,2026-06-09,USD,21737.7,1488.0,245.0,550.0,40.0,2323.0
INV-2026-5373,BOL202600373,Evergreen,2026-04-13,EUR,18053.4,1969.0,270.0,0.0,0.0,2239.0
INV-2026-5374,BOL202600374,Evergreen,2026-02-09,USD,17294.8,589.0,190.0,350.0,360.0,1489.0
INV-2026-5375,BOL202600375,ONE,2026-04-29,USD,25927.6,3262.0,201.0,650.0,200.0,4313.0
INV-2026-5376,BOL202600376,COSCO,2026-04-26,USD,24510.3,2549.0,232.0,0.0,40.0,2821.0
INV-2026-5377,BOL202600377,Maersk,2026-03-22,USD,10350.6,1447.0,297.0,0.0,0.0,1744.0
INV-2026-5378,BOL202600378,MSC,2026-04-22,USD,20245.1,2928.0,416.7,200.0,0.0,3544.7
INV-2026-5379,BOL202600379,MSC,2026-02-04,USD,10315.9,1019.0,254.0,0.0,160.0,1433.0
INV-2026-5380,BOL202600380,ONE,2026-05-25,VND,14043.8,931.0,111.72,0.0,0.0,1042.72
INV-2026-5381,BOL202600381,MSC,2026-01-30,USD,13429.4,1019.0,254.0,50.0,280.0,1603.0
INV-2026-5382,BOL202600382,MSC,2026-03-07,USD,11678.6,2911.0,124.0,350.0,0.0,3385.0
INV-2026-5383,BOL202600383,Maersk,2026-04-06,USD,17963.8,1875.0,258.0,0.0,80.0,2213.0
INV-2026-5384,BOL202600384,CMA CGM,2026-06-07,USD,16556.1,627.0,62.7,0.0,240.0,929.7
INV-2026-5385,BOL202600385,Maersk,2026-05-31,USD,17690.6,2199.0,204.0,200.0,0.0,2603.0
INV-2026-5386,BOL202600386,CMA CGM,2026-02-15,USD,20704.4,1505.0,180.6,0.0,240.0,1925.6
INV-2026-5387,BOL202600387,Evergreen,2026-02-12,USD,20309.4,2266.0,253.92,50.0,0.0,2569.92
INV-2026-5388,BOL202600388,MSC,2026-05-19,USD,23636.0,1019.0,254.0,650.0,320.0,2243.0
INV-2026-5389,BOL202600389,Evergreen,2026-04-21,USD,11520.0,1000.0,143.0,200.0,0.0,1343.0
INV-2026-5390,BOL202600390,COSCO,2026-03-15,EUR,17003.4,959.0,296.0,0.0,280.0,1535.0
INV-2026-5391,BOL202600391,Evergreen,2026-02-21,EUR,12925.9,1077.0,92.7,150.0,120.0,1439.7
INV-2026-5392,BOL202600392,Evergreen,2026-04-12,USD,17651.9,1765.0,128.0,250.0,0.0,2143.0
INV-2026-5393,BOL202600393,CMA CGM,2026-02-21,EUR,10938.3,1005.0,166.0,0.0,80.0,1251.0
INV-2026-5394,BOL202600394,MSC,2026-06-07,EUR,16076.0,2299.0,275.88,200.0,0.0,2774.88
INV-2026-5395,BOL202600395,Evergreen,2026-03-10,EUR,11807.0,925.0,92.5,200.0,0.0,1217.5
INV-2026-5396,BOL202600396,COSCO,2026-02-14,USD,10197.8,792.0,79.2,150.0,280.0,1301.2
INV-2026-5397,BOL202600397,MSC,2026-06-21,VND,20717.5,53483500.0,7471275.0,3675000.0,5880000.0,70509775.0
INV-2026-5398,BOL202600398,Maersk,2026-02-24,VND,16241.1,79159500.0,4973500.0,6125000.0,5880000.0,96138000.0
INV-2026-5399,BOL202600399,MSC,2026-05-03,EUR,22987.8,2266.0,226.6,0.0,0.0,2492.6
INV-2026-5400,BOL202600400,COSCO,2026-03-16,VND,23910.7,28003500.0,2800350.0,15925000.0,4900000.0,51628850.0
INV-2026-5401,BOL202600401,Maersk,2026-04-17,USD,14450.5,2199.0,204.0,0.0,160.0,2563.0
INV-2026-5402,BOL202600402,Evergreen,2026-05-06,USD,11261.3,2473.0,206.0,650.0,200.0,3529.0
INV-2026-5403,BOL202600403,CMA CGM,2026-05-16,USD,17153.1,811.0,81.1,100.0,360.0,1352.1
INV-2026-5404,BOL202600404,Maersk,2026-01-28,EUR,10573.3,2825.0,239.0,0.0,120.0,3184.0
INV-2026-5405,BOL202600405,MSC,2026-04-12,USD,17299.3,1086.0,137.0,100.0,120.0,1443.0
INV-2026-5406,BOL202600406,MSC,2026-04-01,USD,22278.7,2084.72,208.47,92.0,331.2,2716.39
INV-2026-5407,BOL202600407,Evergreen,2026-05-05,USD,22149.1,589.0,190.0,0.0,120.0,899.0
INV-2026-5408,BOL202600408,ONE,2026-04-30,USD,15982.2,2762.0,143.0,0.0,0.0,2905.0
INV-2026-5409,BOL202600409,Maersk,2026-05-30,USD,21880.2,2365.0,281.0,0.0,0.0,2646.0
INV-2026-5410,BOL202600410,CMA CGM,2026-03-15,USD,23635.1,627.0,62.7,200.0,40.0,929.7
INV-2026-5411,BOL202600411,Maersk,2026-04-17,EUR,10744.0,1346.0,201.9,550.0,320.0,2417.9
INV-2026-5412,BOL202600412,CMA CGM,2026-06-21,USD,17208.1,1505.0,180.6,200.0,240.0,2125.6
INV-2026-5413,BOL202600413,ONE,2026-03-10,EUR,24964.9,1208.0,257.0,100.0,160.0,1725.0
INV-2026-5414,BOL202600414,CMA CGM,2026-03-12,USD,12054.1,1638.0,245.0,450.0,200.0,2533.0
INV-2026-5415,BOL202600415,CMA CGM,2026-04-23,EUR,19743.9,1589.0,184.0,650.0,0.0,2423.0
INV-2026-5416,BOL202600416,Maersk,2026-04-13,USD,25527.9,997.0,154.0,450.0,0.0,1601.0
INV-2026-5417,BOL202600417,Maersk,2026-03-09,USD,24183.0,3231.0,203.0,0.0,280.0,3714.0
INV-2026-5418,BOL202600418,Maersk,2026-06-20,USD,24968.2,882.0,132.3,0.0,40.0,1054.3
INV-2026-5419,BOL202600419,Evergreen,2026-03-21,VND,24739.1,24500000.0,3503500.0,13475000.0,7840000.0,49318500.0
INV-2026-5420,BOL202600420,Maersk,2026-03-17,VND,22172.4,1346.0,201.9,100.0,280.0,1927.9
INV-2026-5421,BOL202600421,ONE,2026-06-27,EUR,24301.9,931.0,111.72,0.0,80.0,1122.72
INV-2026-5422,BOL202600422,Maersk,2026-01-28,VND,20724.1,74774000.0,7080500.0,1225000.0,2940000.0,86019500.0
INV-2026-5423,BOL202600423,Evergreen,2026-04-09,USD,10992.5,1765.0,128.0,0.0,240.0,2133.0
INV-2026-5424,BOL202600424,COSCO,2026-02-09,EUR,11639.7,1920.0,126.0,550.0,240.0,2836.0
INV-2026-5425,BOL202600425,Evergreen,2026-03-31,USD,22548.9,3255.0,269.0,200.0,280.0,4004.0
INV-2026-5426,BOL202600426,MSC,2026-02-11,EUR,25307.2,2266.0,226.6,0.0,240.0,2732.6
INV-2026-5427,BOL202600427,Maersk,2026-02-03,EUR,13249.4,2825.0,239.0,550.0,0.0,3614.0
INV-2026-5428,BOL202600428,CMA CGM,2026-04-28,EUR,25428.6,1589.0,184.0,200.0,0.0,1973.0
INV-2026-5429,BOL202600429,CMA CGM,2026-02-11,EUR,21761.3,1499.0,162.0,150.0,0.0,1811.0
INV-2026-5430,BOL202600430,MSC,2026-05-18,EUR,12081.1,1898.0,133.0,550.0,0.0,2581.0
INV-2026-5431,BOL202600431,Evergreen,2026-01-30,USD,24999.9,2371.0,170.0,0.0,40.0,2581.0
INV-2026-5432,BOL202600432,ONE,2026-02-12,EUR,21586.6,1230.0,123.0,0.0,280.0,1633.0
INV-2026-5433,BOL202600433,Evergreen,2026-04-17,VND,18329.7,77224000.0,11583600.0,4900000.0,1960000.0,95667600.0
INV-2026-5434,BOL202600434,ONE,2026-06-20,USD,20613.4,2437.0,218.0,100.0,0.0,2755.0
INV-2026-5435,BOL202600435,CMA CGM,2026-03-29,USD,23179.0,1505.0,180.6,0.0,0.0,1685.6
INV-2026-5436,BOL202600436,Maersk,2026-05-03,EUR,24643.9,1346.0,201.9,0.0,0.0,1547.9
INV-2026-5437,BOL202600437,ONE,2026-04-24,USD,25119.8,2842.0,179.0,0.0,360.0,3381.0
INV-2026-5438,BOL202600438,CMA CGM,2026-04-01,USD,23153.7,627.0,62.7,250.0,240.0,1179.7
INV-2026-5439,BOL202600439,ONE,2026-05-31,USD,21601.1,2762.0,143.0,0.0,240.0,3145.0
INV-2026-5440,BOL202600440,Evergreen,2026-06-06,USD,13372.5,3043.0,293.0,650.0,40.0,4026.0
INV-2026-5441,BOL202600441,COSCO,2026-05-10,USD,23260.0,2997.0,299.7,650.0,80.0,4026.7
INV-2026-5442,BOL202600442,Maersk,2026-02-13,EUR,11400.3,2811.0,337.32,0.0,0.0,3148.32
INV-2026-5443,BOL202600443,Evergreen,2026-06-12,USD,13642.3,1000.0,143.0,150.0,160.0,1453.0
INV-2026-5444,BOL202600444,COSCO,2026-05-25,USD,10270.3,3315.0,397.8,0.0,160.0,3872.8
INV-2026-5445,BOL202600445,ONE,2026-01-21,EUR,19369.7,1230.0,123.0,550.0,0.0,1903.0
INV-2026-5446,BOL202600446,COSCO,2026-04-22,USD,20974.1,985.0,275.0,0.0,0.0,1260.0
INV-2026-5447,BOL202600447,MSC,2026-05-22,EUR,20571.6,2299.0,275.88,0.0,160.0,2734.88
INV-2026-5448,BOL202600448,COSCO,2026-03-19,USD,22748.3,3403.0,267.0,50.0,320.0,4040.0
INV-2026-5449,BOL202600449,COSCO,2026-03-06,VND,24626.7,959.0,296.0,250.0,40.0,1545.0
INV-2026-5450,BOL202600450,Maersk,2026-01-24,USD,10080.5,2499.0,299.88,50.0,160.0,3008.88
INV-2026-5451,BOL202600451,Evergreen,2026-06-11,USD,21972.7,2709.0,255.0,0.0,40.0,3004.0
INV-2026-5452,BOL202600452,MSC,2026-05-09,USD,13532.6,2911.0,124.0,0.0,0.0,3035.0
INV-2026-5453,BOL202600453,Maersk,2026-03-09,EUR,24917.9,2293.0,183.0,100.0,240.0,2816.0
INV-2026-5454,BOL202600454,ONE,2026-06-11,USD,11077.8,2760.0,236.0,200.0,360.0,3556.0
INV-2026-5455,BOL202600455,ONE,2026-06-30,EUR,15714.2,2838.0,283.8,250.0,0.0,3371.8
INV-2026-5456,BOL202600456,Evergreen,2026-02-22,USD,24401.9,3255.0,269.0,100.0,240.0,3864.0
INV-2026-5457,BOL202600457,ONE,2026-04-24,USD,12438.3,2762.0,143.0,100.0,120.0,3125.0
INV-2026-5458,BOL202600458,ONE,2026-05-17,USD,21395.2,1593.0,191.16,50.0,0.0,1834.16
INV-2026-5459,BOL202600459,Evergreen,2026-04-25,USD,15305.0,1811.48,248.4,184.0,110.4,2354.28
INV-2026-5460,BOL202600460,Maersk,2026-04-30,USD,11741.3,3052.0,289.0,350.0,0.0,3691.0
INV-2026-5461,BOL202600461,CMA CGM,2026-04-04,EUR,13142.9,1790.0,214.8,650.0,240.0,2894.8
INV-2026-5462,BOL202600462,CMA CGM,2026-02-10,USD,23593.4,1488.0,245.0,0.0,200.0,1933.0
INV-2026-5463,BOL202600463,COSCO,2026-06-29,USD,13404.2,1271.0,168.15,150.0,80.0,1669.15
INV-2026-5464,BOL202600464,Evergreen,2026-06-23,VND,12378.1,66885000.0,3307500.0,0.0,4900000.0,75092500.0
INV-2026-5465,BOL202600465,MSC,2026-04-09,USD,18166.6,1086.0,137.0,100.0,240.0,1563.0
INV-2026-5466,BOL202600466,Evergreen,2026-01-29,USD,22904.6,2309.0,270.0,250.0,0.0,2829.0
INV-2026-5467,BOL202600467,MSC,2026-06-05,VND,12866.3,71074500.0,7107450.0,6125000.0,0.0,84306950.0
INV-2026-5468,BOL202600468,CMA CGM,2026-06-06,USD,11005.8,2709.0,325.08,0.0,0.0,3034.08
INV-2026-5469,BOL202600469,MSC,2026-03-23,USD,24686.4,1019.0,254.0,0.0,320.0,1593.0
INV-2026-5470,BOL202600470,CMA CGM,2026-04-15,USD,18342.0,1795.0,262.0,750.0,360.0,3167.0
INV-2026-5471,BOL202600471,CMA CGM,2026-04-02,VND,16056.3,43977500.0,6419000.0,11025000.0,0.0,61421500.0
INV-2026-5472,BOL202600472,COSCO,2026-06-09,USD,24515.9,2730.0,409.5,150.0,40.0,3329.5
INV-2026-5473,BOL202600473,COSCO,2026-05-01,USD,24194.8,1121.0,168.15,150.0,120.0,1559.15
INV-2026-5474,BOL202600474,Maersk,2026-05-17,USD,18232.7,2499.0,299.88,0.0,0.0,2798.88
INV-2026-5475,BOL202600475,COSCO,2026-03-12,USD,21476.8,2730.0,409.5,450.0,120.0,3709.5
INV-2026-5476,BOL202600476,Maersk,2026-05-15,USD,17704.3,2092.0,291.0,100.0,40.0,2523.0
INV-2026-5477,BOL202600477,Evergreen,2026-03-16,EUR,19175.8,1495.0,179.4,0.0,320.0,1994.4
INV-2026-5478,BOL202600478,CMA CGM,2026-06-01,EUR,12349.8,1499.0,162.0,50.0,0.0,1711.0
INV-2026-5479,BOL202600479,CMA CGM,2026-06-14,USD,19017.7,1529.0,152.9,850.0,280.0,2811.9
INV-2026-5480,BOL202600480,CMA CGM,2026-04-02,USD,19704.4,1645.0,262.0,750.0,200.0,2857.0
INV-2026-5481,BOL202600481,MSC,2026-03-10,USD,19613.4,2033.0,304.95,550.0,0.0,2887.95
INV-2026-5482,BOL202600482,Maersk,2026-06-07,VND,20969.5,61225500.0,7347060.0,4900000.0,4900000.0,78372560.0
INV-2026-5483,BOL202600483,COSCO,2026-02-12,USD,12115.4,3467.0,145.0,0.0,160.0,3772.0
INV-2026-5484,BOL202600484,MSC,2026-06-10,USD,23501.1,2778.0,416.7,100.0,280.0,3574.7
INV-2026-5485,BOL202600485,CMA CGM,2026-02-04,EUR,18628.6,2784.0,206.0,850.0,240.0,4080.0
INV-2026-5486,BOL202600486,Evergreen,2026-05-24,USD,10695.0,1866.0,186.6,150.0,40.0,2242.6
INV-2026-5487,BOL202600487,CMA CGM,2026-06-04,USD,22873.9,811.0,81.1,200.0,0.0,1092.1
INV-2026-5488,BOL202600488,MSC,2026-05-12,USD,22253.7,1635.0,163.5,0.0,280.0,2078.5
INV-2026-5489,BOL202600489,COSCO,2026-06-22,USD,10087.5,3394.0,324.4,450.0,0.0,4168.4
INV-2026-5490,BOL202600490,CMA CGM,2026-06-17,USD,18213.0,2102.2,210.22,322.0,110.4,2744.82
INV-2026-5491,BOL202600491,ONE,2026-05-15,EUR,16817.1,1230.0,123.0,0.0,0.0,1353.0
INV-2026-5492,BOL202600492,ONE,2026-06-19,USD,19790.1,688.0,134.0,50.0,0.0,872.0
INV-2026-5493,BOL202600493,MSC,2026-05-20,USD,18945.5,1635.0,163.5,0.0,80.0,1878.5
INV-2026-5494,BOL202600494,MSC,2026-06-26,USD,16370.1,1169.0,254.0,750.0,320.0,2493.0
INV-2026-5495,BOL202600495,ONE,2026-02-27,VND,21189.0,1081.0,111.72,0.0,0.0,1192.72
INV-2026-5496,BOL202600496,CMA CGM,2026-06-09,EUR,26413.1,2784.0,206.0,550.0,240.0,3780.0
INV-2026-5497,BOL202600497,ONE,2026-02-08,EUR,20174.0,512.0,61.44,750.0,0.0,1323.44
INV-2026-5498,BOL202600498,ONE,2026-06-03,USD,15933.4,1461.0,178.0,0.0,280.0,1919.0
INV-2026-5499,BOL202600499,ONE,2026-05-08,EUR,18336.1,2838.0,283.8,200.0,0.0,3321.8
INV-2026-5500,BOL202600500,CMA CGM,2026-03-21,USD,13227.3,1017.0,291.0,850.0,240.0,2398.0
INV-2026-5501,BOL202600501,COSCO,2026-04-13,EUR,18253.0,2575.0,191.0,350.0,0.0,3116.0
INV-2026-5502,BOL202600502,Evergreen,2026-02-07,VND,10004.6,66370500.0,6247500.0,4900000.0,1960000.0,79478000.0
INV-2026-5503,BOL202600503,Maersk,2026-05-11,USD,16487.2,2629.0,315.48,150.0,0.0,3094.48
INV-2026-5504,BOL202600504,Evergreen,2026-02-06,USD,24281.7,1866.0,186.6,850.0,280.0,3182.6
INV-2026-5505,BOL202600505,ONE,2026-05-01,EUR,14424.1,1230.0,123.0,0.0,120.0,1473.0
INV-2026-5506,BOL202600506,Maersk,2026-05-03,EUR,16514.2,1346.0,201.9,150.0,0.0,1697.9
INV-2026-5507,BOL202600507,Evergreen,2026-06-05,USD,11872.1,1866.0,186.6,50.0,240.0,2342.6
INV-2026-5508,BOL202600508,ONE,2026-06-25,VND,25456.9,67669000.0,3503500.0,4900000.0,980000.0,77052500.0
INV-2026-5509,BOL202600509,CMA CGM,2026-04-28,USD,24344.4,2709.0,325.08,200.0,0.0,3234.08
INV-2026-5510,BOL202600510,Evergreen,2026-03-28,USD,22618.5,2309.0,270.0,250.0,280.0,3109.0
INV-2026-5511,BOL202600511,MSC,2026-03-28,USD,15649.5,1016.0,279.0,0.0,280.0,1575.0
INV-2026-5512,BOL202600512,ONE,2026-04-02,USD,16382.9,973.36,236.44,506.0,36.8,1752.6
INV-2026-5513,BOL202600513,Evergreen,2026-02-13,EUR,15656.6,1969.0,270.0,50.0,0.0,2289.0
INV-2026-5514,BOL202600514,COSCO,2026-03-22,EUR,13757.8,2263.0,270.0,550.0,0.0,3083.0
INV-2026-5515,BOL202600515,ONE,2026-03-19,EUR,13995.1,2838.0,283.8,0.0,0.0,3121.8
INV-2026-5516,BOL202600516,Evergreen,2026-02-20,USD,20813.0,2504.0,191.0,200.0,200.0,3095.0
INV-2026-5517,BOL202600517,Evergreen,2026-01-23,USD,15939.1,3152.0,472.8,100.0,200.0,3924.8
INV-2026-5518,BOL202600518,ONE,2026-04-14,EUR,22228.2,1535.0,279.0,0.0,160.0,1974.0
INV-2026-5519,BOL202600519,Evergreen,2026-03-25,USD,25034.5,589.0,190.0,250.0,240.0,1269.0
INV-2026-5520,BOL202600520,ONE,2026-05-04,USD,11925.9,3050.0,280.0,100.0,120.0,3550.0
INV-2026-5521,BOL202600521,CMA CGM,2026-01-23,USD,16070.8,811.0,81.1,0.0,240.0,1132.1
INV-2026-5522,BOL202600522,MSC,2026-03-31,USD,13794.2,3019.0,452.85,200.0,40.0,3711.85
INV-2026-5523,BOL202600523,CMA CGM,2026-04-28,USD,13368.5,627.0,62.7,650.0,120.0,1459.7
INV-2026-5524,BOL202600524,COSCO,2026-05-04,USD,12878.2,792.0,79.2,200.0,240.0,1311.2
INV-2026-5525,BOL202600525,Evergreen,2026-03-22,VND,22865.4,66370500.0,6247500.0,1225000.0,3920000.0,77763000.0
INV-2026-5526,BOL202600526,CMA CGM,2026-03-16,USD,21816.7,942.0,113.04,450.0,0.0,1505.04
INV-2026-5527,BOL202600527,Evergreen,2026-03-18,USD,25929.0,2371.0,170.0,150.0,160.0,2851.0
INV-2026-5528,BOL202600528,CMA CGM,2026-04-25,EUR,18994.2,1790.0,214.8,0.0,80.0,2084.8
INV-2026-5529,BOL202600529,Maersk,2026-02-22,EUR,23423.5,2959.0,260.0,100.0,360.0,3679.0
INV-2026-5530,BOL202600530,Maersk,2026-04-21,USD,18965.6,2092.0,291.0,0.0,0.0,2383.0
INV-2026-5531,BOL202600531,Maersk,2026-05-07,EUR,20873.4,2293.0,183.0,0.0,200.0,2676.0
INV-2026-5532,BOL202600532,CMA CGM,2026-06-22,USD,14553.7,551.0,245.0,450.0,160.0,1406.0
INV-2026-5533,BOL202600533,MSC,2026-06-06,VND,19871.8,22638000.0,2263800.0,2450000.0,7840000.0,35191800.0
INV-2026-5534,BOL202600534,COSCO,2026-03-04,EUR,24857.1,959.0,296.0,250.0,200.0,1705.0
INV-2026-5535,BOL202600535,MSC,2026-06-25,EUR,11141.5,1898.0,133.0,0.0,0.0,2031.0
INV-2026-5536,BOL202600536,COSCO,2026-04-18,VND,21366.9,28003500.0,2800350.0,11025000.0,3920000.0,45748850.0
INV-2026-5537,BOL202600537,CMA CGM,2026-04-13,USD,25020.3,811.0,81.1,200.0,240.0,1332.1
INV-2026-5538,BOL202600538,COSCO,2026-05-27,USD,23667.4,2549.0,232.0,550.0,40.0,3371.0
INV-2026-5539,BOL202600539,CMA CGM,2026-03-28,USD,16352.7,2242.0,210.0,0.0,120.0,2572.0
INV-2026-5540,BOL202600540,Evergreen,2026-06-13,EUR,22239.9,927.0,92.7,0.0,0.0,1019.7
INV-2026-5541,BOL202600541,CMA CGM,2026-03-02,USD,24167.5,551.0,245.0,0.0,0.0,796.0
INV-2026-5542,BOL202600542,MSC,2026-04-17,VND,13590.6,1898.0,133.0,0.0,0.0,2031.0
INV-2026-5543,BOL202600543,Maersk,2026-04-29,USD,17475.1,2163.0,259.56,650.0,80.0,3152.56
INV-2026-5544,BOL202600544,Maersk,2026-06-21,USD,25175.8,2199.0,204.0,0.0,200.0,2603.0
INV-2026-5545,BOL202600545,CMA CGM,2026-05-27,USD,20232.5,2709.0,325.08,850.0,120.0,4004.08
INV-2026-5546,BOL202600546,ONE,2026-05-31,USD,17069.8,688.0,134.0,50.0,0.0,872.0
INV-2026-5547,BOL202600547,ONE,2026-03-15,USD,15502.2,2264.0,226.4,150.0,0.0,2640.4
INV-2026-5548,BOL202600548,MSC,2026-06-08,USD,22253.9,1619.0,206.0,200.0,40.0,2065.0
INV-2026-5549,BOL202600549,Maersk,2026-02-02,VND,24114.6,474.0,196.0,50.0,120.0,840.0
INV-2026-5550,BOL202600550,ONE,2026-03-14,USD,13529.5,1593.0,191.16,50.0,240.0,2074.16
INV-2026-5551,BOL202600551,Evergreen,2026-03-28,USD,21886.8,3264.0,391.68,150.0,0.0,3805.68
INV-2026-5552,BOL202600552,ONE,2026-02-10,USD,11765.7,1788.0,202.0,350.0,120.0,2460.0
INV-2026-5553,BOL202600553,Maersk,2026-04-14,EUR,10310.3,474.0,196.0,150.0,0.0,820.0
INV-2026-5554,BOL202600554,CMA CGM,2026-03-10,VND,12000.6,74039000.0,5855500.0,8575000.0,0.0,88469500.0
INV-2026-5555,BOL202600555,CMA CGM,2026-03-21,USD,17897.3,2694.0,269.4,150.0,0.0,3113.4
INV-2026-5556,BOL202600556,MSC,2026-06-05,USD,22662.8,1934.0,149.0,0.0,0.0,2083.0
INV-2026-5557,BOL202600557,Maersk,2026-02-12,USD,11142.2,2092.0,291.0,0.0,40.0,2423.0
INV-2026-5558,BOL202600558,ONE,2026-04-04,USD,11951.4,2579.0,120.0,0.0,80.0,2779.0
INV-2026-5559,BOL202600559,Maersk,2026-05-20,VND,10536.2,61225500.0,7347060.0,8575000.0,2940000.0,80087560.0
INV-2026-5560,BOL202600560,COSCO,2026-06-08,VND,20903.1,870.0,130.5,650.0,40.0,1690.5
INV-2026-5561,BOL202600561,ONE,2026-02-28,VND,18793.3,67620000.0,5782000.0,0.0,4900000.0,78302000.0
INV-2026-5562,BOL202600562,CMA CGM,2026-04-10,VND,10833.4,47089000.0,7080500.0,0.0,0.0,54169500.0
INV-2026-5563,BOL202600563,Evergreen,2026-04-04,USD,12677.8,2709.0,255.0,200.0,0.0,3164.0
INV-2026-5564,BOL202600564,COSCO,2026-05-07,EUR,22535.6,1630.0,260.0,550.0,200.0,2640.0
INV-2026-5565,BOL202600565,COSCO,2026-03-11,EUR,13979.6,2254.0,167.0,0.0,240.0,2661.0
INV-2026-5566,BOL202600566,CMA CGM,2026-04-18,USD,18581.7,3253.0,159.0,0.0,200.0,3612.0
INV-2026-5567,BOL202600567,COSCO,2026-03-29,USD,22617.0,792.0,79.2,450.0,120.0,1441.2
INV-2026-5568,BOL202600568,CMA CGM,2026-03-08,EUR,15730.7,1155.0,166.0,50.0,0.0,1371.0
INV-2026-5569,BOL202600569,Evergreen,2026-06-08,EUR,18683.7,927.0,92.7,0.0,200.0,1219.7
INV-2026-5570,BOL202600570,CMA CGM,2026-03-20,USD,17494.3,1645.0,262.0,850.0,360.0,3117.0
INV-2026-5571,BOL202600571,COSCO,2026-03-02,USD,17190.1,800.4,120.06,138.0,36.8,1095.26
INV-2026-5572,BOL202600572,Maersk,2026-05-16,USD,18095.3,1253.0,110.3,0.0,0.0,1363.3
INV-2026-5573,BOL202600573,Maersk,2026-04-29,USD,11013.5,2313.0,259.56,550.0,160.0,3282.56
INV-2026-5574,BOL202600574,ONE,2026-03-25,EUR,12466.1,931.0,111.72,0.0,80.0,1122.72
INV-2026-5575,BOL202600575,ONE,2026-04-14,VND,23363.1,63185500.0,2940000.0,0.0,0.0,66125500.0
INV-2026-5576,BOL202600576,MSC,2026-03-14,VND,11580.1,69139000.0,7855680.0,6125000.0,1960000.0,85079680.0
INV-2026-5577,BOL202600577,CMA CGM,2026-06-05,EUR,21485.5,1122.0,116.64,850.0,40.0,2128.64
INV-2026-5578,BOL202600578,ONE,2026-05-27,USD,20222.7,1461.0,178.0,250.0,280.0,2169.0
INV-2026-5579,BOL202600579,Evergreen,2026-05-17,USD,10932.8,3043.0,293.0,50.0,240.0,3626.0
INV-2026-5580,BOL202600580,Maersk,2026-01-30,USD,11247.0,2649.0,299.88,150.0,0.0,3098.88
INV-2026-5581,BOL202600581,COSCO,2026-02-20,EUR,13031.4,870.0,130.5,250.0,0.0,1250.5
INV-2026-5582,BOL202600582,Maersk,2026-06-19,VND,18930.3,2293.0,183.0,0.0,240.0,2716.0
INV-2026-5583,BOL202600583,ONE,2026-06-27,USD,21240.8,2579.0,120.0,650.0,0.0,3349.0
INV-2026-5584,BOL202600584,COSCO,2026-03-07,USD,18075.1,792.0,79.2,0.0,160.0,1031.2
INV-2026-5585,BOL202600585,COSCO,2026-05-22,USD,18801.3,2173.0,296.0,550.0,40.0,3059.0
INV-2026-5586,BOL202600586,CMA CGM,2026-05-19,USD,15175.2,1488.0,245.0,350.0,160.0,2243.0
INV-2026-5587,BOL202600587,Evergreen,2026-03-26,VND,24818.4,66370500.0,6247500.0,0.0,4900000.0,77518000.0
INV-2026-5588,BOL202600588,ONE,2026-05-26,EUR,19532.2,2426.0,182.0,0.0,80.0,2688.0
INV-2026-5589,BOL202600589,Evergreen,2026-01-29,USD,13437.2,1765.0,128.0,0.0,360.0,2253.0
INV-2026-5590,BOL202600590,ONE,2026-04-09,EUR,12497.7,1535.0,279.0,0.0,280.0,2094.0
INV-2026-5591,BOL202600591,Maersk,2026-03-29,USD,14804.8,2163.0,259.56,50.0,280.0,2752.56
INV-2026-5592,BOL202600592,MSC,2026-03-18,USD,22686.5,3019.0,452.85,100.0,280.0,3851.85
INV-2026-5593,BOL202600593,COSCO,2026-06-17,EUR,14806.3,917.0,110.04,450.0,280.0,1757.04
INV-2026-5594,BOL202600594,Maersk,2026-04-30,USD,24749.9,2593.0,163.0,100.0,80.0,2936.0
INV-2026-5595,BOL202600595,MSC,2026-05-10,EUR,13627.5,2299.0,275.88,550.0,200.0,3324.88
INV-2026-5596,BOL202600596,CMA CGM,2026-02-09,USD,15109.1,2694.0,269.4,0.0,40.0,3003.4
INV-2026-5597,BOL202600597,ONE,2026-06-02,EUR,20778.2,2988.0,283.8,100.0,200.0,3571.8
INV-2026-5598,BOL202600598,Maersk,2026-06-18,USD,14636.5,3052.0,289.0,0.0,0.0,3341.0
INV-2026-5599,BOL202600599,MSC,2026-04-18,VND,21925.0,39665500.0,5047000.0,1225000.0,1960000.0,47897500.0
INV-2026-5600,BOL202600600,ONE,2026-02-22,USD,22381.2,618.0,92.7,650.0,0.0,1360.7
INV-2026-5601,BOL202600601,Maersk,2026-05-30,EUR,20436.0,2086.0,208.6,250.0,280.0,2824.6
INV-2026-5602,BOL202600602,Maersk,2026-06-08,USD,14260.1,1447.0,297.0,100.0,320.0,2164.0
INV-2026-5603,BOL202600603,ONE,2026-06-18,USD,16617.3,2760.0,236.0,0.0,40.0,3036.0
INV-2026-5604,BOL202600604,Evergreen,2026-04-23,USD,10387.3,3264.0,391.68,0.0,40.0,3695.68
INV-2026-5605,BOL202600605,COSCO,2026-05-16,USD,24787.4,3147.0,299.7,0.0,240.0,3686.7
INV-2026-5606,BOL202600606,Evergreen,2026-04-29,USD,23644.2,1765.0,128.0,350.0,0.0,2243.0
INV-2026-5607,BOL202600607,Maersk,2026-03-27,USD,23122.1,1285.0,290.0,0.0,360.0,1935.0
INV-2026-5608,BOL202600608,Evergreen,2026-02-26,USD,10364.0,2709.0,255.0,350.0,240.0,3554.0
INV-2026-5609,BOL202600609,CMA CGM,2026-03-19,EUR,22005.7,1790.0,214.8,100.0,200.0,2304.8
INV-2026-5610,BOL202600610,CMA CGM,2026-02-25,VND,24496.6,47089000.0,7080500.0,0.0,1960000.0,56129500.0
INV-2026-5611,BOL202600611,COSCO,2026-03-03,EUR,22627.0,1770.0,126.0,50.0,0.0,1946.0
INV-2026-5612,BOL202600612,Maersk,2026-05-22,EUR,23633.3,2811.0,337.32,100.0,0.0,3248.32
INV-2026-5613,BOL202600613,Maersk,2026-02-01,USD,20390.6,1875.0,258.0,150.0,240.0,2523.0
INV-2026-5614,BOL202600614,Evergreen,2026-02-22,USD,19553.7,1866.0,186.6,0.0,40.0,2092.6
INV-2026-5615,BOL202600615,CMA CGM,2026-06-11,USD,21399.5,1645.0,262.0,0.0,360.0,2267.0
INV-2026-5616,BOL202600616,Evergreen,2026-04-18,EUR,21910.3,927.0,92.7,100.0,240.0,1359.7
INV-2026-5617,BOL202600617,COSCO,2026-04-30,USD,13779.3,1978.0,237.36,50.0,120.0,2385.36
INV-2026-5618,BOL202600618,MSC,2026-04-05,EUR,23037.7,1898.0,133.0,150.0,0.0,2181.0
INV-2026-5619,BOL202600619,COSCO,2026-03-21,EUR,16285.5,917.0,110.04,0.0,360.0,1387.04
INV-2026-5620,BOL202600620,Maersk,2026-05-04,USD,19166.4,2593.0,163.0,50.0,200.0,3006.0
INV-2026-5621,BOL202600621,ONE,2026-04-26,USD,13308.1,1461.0,178.0,350.0,160.0,2149.0
INV-2026-5622,BOL202600622,CMA CGM,2026-03-14,USD,21282.2,2694.0,269.4,850.0,0.0,3813.4
INV-2026-5623,BOL202600623,COSCO,2026-05-14,USD,19037.5,836.0,102.9,0.0,0.0,938.9
INV-2026-5624,BOL202600624,ONE,2026-06-13,USD,23432.4,2587.0,218.0,550.0,0.0,3355.0
INV-2026-5625,BOL202600625,Evergreen,2026-04-25,USD,14853.6,3414.0,391.68,850.0,240.0,4895.68
INV-2026-5626,BOL202600626,CMA CGM,2026-04-03,USD,11708.3,2709.0,325.08,0.0,280.0,3314.08
INV-2026-5627,BOL202600627,COSCO,2026-04-06,EUR,13694.6,823.0,209.0,0.0,0.0,1032.0
INV-2026-5628,BOL202600628,Maersk,2026-05-26,USD,19675.4,2365.0,281.0,450.0,40.0,3136.0
INV-2026-5629,BOL202600629,COSCO,2026-03-20,USD,12200.2,686.0,102.9,0.0,0.0,788.9
INV-2026-5630,BOL202600630,COSCO,2026-05-04,EUR,25203.2,2254.0,167.0,550.0,240.0,3211.0
INV-2026-5631,BOL202600631,Maersk,2026-03-20,USD,17839.1,1435.0,290.0,550.0,200.0,2475.0
INV-2026-5632,BOL202600632,Evergreen,2026-04-05,VND,12242.8,58089500.0,4165000.0,13475000.0,1960000.0,77689500.0
INV-2026-5633,BOL202600633,Maersk,2026-04-22,USD,21879.5,2499.0,299.88,150.0,160.0,3108.88
INV-2026-5634,BOL202600634,Evergreen,2026-02-01,USD,23232.2,3255.0,269.0,650.0,0.0,4174.0
INV-2026-5635,BOL202600635,CMA CGM,2026-06-11,USD,10628.0,3103.0,159.0,150.0,440.0,3852.0
INV-2026-5636,BOL202600636,MSC,2026-02-05,VND,16368.6,28028000.0,4875500.0,11025000.0,1960000.0,45888500.0
INV-2026-5637,BOL202600637,CMA CGM,2026-05-24,EUR,19810.1,1790.0,214.8,350.0,280.0,2634.8
INV-2026-5638,BOL202600638,COSCO,2026-03-09,USD,17227.2,1448.0,300.0,150.0,0.0,1898.0
INV-2026-5639,BOL202600639,CMA CGM,2026-03-12,EUR,15175.4,2285.0,228.5,0.0,200.0,2713.5
INV-2026-5640,BOL202600640,ONE,2026-03-29,USD,20377.2,973.36,236.44,414.0,0.0,1623.8
INV-2026-5641,BOL202600641,Maersk,2026-02-22,USD,17190.4,2092.0,291.0,0.0,240.0,2623.0
INV-2026-5642,BOL202600642,Maersk,2026-05-01,USD,16089.7,2199.0,204.0,650.0,40.0,3093.0
INV-2026-5643,BOL202600643,COSCO,2026-06-18,USD,12313.7,985.0,275.0,0.0,80.0,1340.0
INV-2026-5644,BOL202600644,COSCO,2026-04-15,USD,25375.5,1499.6,239.2,414.0,0.0,2152.8
INV-2026-5645,BOL202600645,MSC,2026-02-24,USD,10056.5,1144.0,199.0,0.0,200.0,1543.0
INV-2026-5646,BOL202600646,ONE,2026-06-10,VND,10092.0,67620000.0,5782000.0,0.0,980000.0,74382000.0
INV-2026-5647,BOL202600647,ONE,2026-07-05,EUR,17070.0,512.0,61.44,350.0,0.0,923.44
INV-2026-5648,BOL202600648,CMA CGM,2026-03-31,USD,18920.8,1505.0,180.6,0.0,0.0,1685.6
INV-2026-5649,BOL202600649,COSCO,2026-02-25,EUR,10587.5,959.0,296.0,250.0,200.0,1705.0
INV-2026-5650,BOL202600650,Maersk,2026-04-15,EUR,10784.5,474.0,196.0,0.0,0.0,670.0
INV-2026-5651,BOL202600651,COSCO,2026-04-06,USD,21989.4,2699.0,232.0,850.0,0.0,3781.0
INV-2026-5652,BOL202600652,MSC,2026-02-19,USD,24360.5,2778.0,416.7,450.0,160.0,3804.7
INV-2026-5653,BOL202600653,CMA CGM,2026-06-12,USD,12152.7,2242.0,210.0,550.0,120.0,3122.0
INV-2026-5654,BOL202600654,MSC,2026-04-25,VND,21133.3,20800500.0,2496060.0,0.0,0.0,23296560.0
INV-2026-5655,BOL202600655,MSC,2026-06-15,USD,21018.5,1016.0,279.0,0.0,80.0,1375.0
INV-2026-5656,BOL202600656,ONE,2026-04-20,USD,25920.4,3193.0,225.0,850.0,120.0,4388.0
INV-2026-5657,BOL202600657,CMA CGM,2026-06-27,USD,20109.7,3022.0,239.0,450.0,120.0,3831.0
INV-2026-5658,BOL202600658,Evergreen,2026-03-29,USD,10025.3,2709.0,255.0,100.0,320.0,3384.0
INV-2026-5659,BOL202600659,MSC,2026-02-23,USD,25983.8,1934.0,149.0,0.0,120.0,2203.0
INV-2026-5660,BOL202600660,Evergreen,2026-04-28,USD,14506.0,1811.48,248.4,46.0,0.0,2105.88
INV-2026-5661,BOL202600661,COSCO,2026-06-09,USD,11821.4,2730.0,409.5,100.0,80.0,3319.5
INV-2026-5662,BOL202600662,MSC,2026-06-13,USD,13104.2,1635.0,163.5,650.0,320.0,2768.5
INV-2026-5663,BOL202600663,MSC,2026-06-04,USD,20330.4,1769.0,206.0,0.0,320.0,2295.0
INV-2026-5664,BOL202600664,MSC,2026-05-27,USD,23026.7,2901.0,290.1,0.0,240.0,3431.1
INV-2026-5665,BOL202600665,MSC,2026-04-16,USD,10299.5,1635.0,163.5,250.0,120.0,2168.5
INV-2026-5666,BOL202600666,Maersk,2026-04-22,VND,14487.4,2086.0,208.6,100.0,160.0,2554.6
INV-2026-5667,BOL202600667,COSCO,2026-06-11,USD,16233.1,3253.0,267.0,0.0,80.0,3600.0
INV-2026-5668,BOL202600668,ONE,2026-04-12,USD,11388.8,1461.0,178.0,100.0,120.0,1859.0
INV-2026-5669,BOL202600669,COSCO,2026-04-12,VND,12800.2,24132500.0,6737500.0,15925000.0,0.0,46795000.0
INV-2026-5670,BOL202600670,COSCO,2026-03-13,EUR,10399.0,870.0,130.5,650.0,160.0,1810.5
INV-2026-5671,BOL202600671,CMA CGM,2026-03-06,USD,17735.6,942.0,113.04,0.0,40.0,1095.04
INV-2026-5672,BOL202600672,COSCO,2026-02-26,EUR,25008.4,917.0,110.04,0.0,40.0,1067.04
INV-2026-5673,BOL202600673,CMA CGM,2026-02-11,USD,23837.0,2561.28,189.52,0.0,0.0,2750.8
INV-2026-5674,BOL202600674,Maersk,2026-02-02,VND,24227.0,2811.0,337.32,250.0,240.0,3638.32
INV-2026-5675,BOL202600675,Evergreen,2026-04-09,USD,14994.3,2730.0,135.0,0.0,0.0,2865.0
INV-2026-5676,BOL202600676,Maersk,2026-03-18,USD,15106.4,2163.0,259.56,250.0,0.0,2672.56
INV-2026-5677,BOL202600677,MSC,2026-04-02,EUR,11831.4,2299.0,275.88,150.0,160.0,2884.88
INV-2026-5678,BOL202600678,Maersk,2026-02-19,USD,18789.9,2092.0,291.0,0.0,360.0,2743.0
INV-2026-5679,BOL202600679,ONE,2026-04-10,USD,14982.0,2842.0,179.0,150.0,200.0,3371.0
INV-2026-5680,BOL202600680,CMA CGM,2026-02-07,USD,19555.9,1922.0,289.0,50.0,160.0,2421.0
INV-2026-5681,BOL202600681,ONE,2026-03-18,EUR,14999.1,1230.0,123.0,350.0,240.0,1943.0
INV-2026-5682,BOL202600682,Evergreen,2026-06-07,EUR,22091.9,925.0,92.5,350.0,120.0,1487.5
INV-2026-5683,BOL202600683,COSCO,2026-03-01,USD,20310.7,2173.0,296.0,100.0,120.0,2689.0
INV-2026-5684,BOL202600684,Evergreen,2026-03-22,VND,19871.1,1495.0,179.4,50.0,0.0,1724.4
INV-2026-5685,BOL202600685,ONE,2026-04-24,EUR,10484.2,512.0,61.44,0.0,120.0,693.44
INV-2026-5686,BOL202600686,COSCO,2026-06-06,EUR,14516.1,959.0,296.0,200.0,200.0,1655.0
INV-2026-5687,BOL202600687,Evergreen,2026-02-22,USD,21428.4,589.0,190.0,100.0,240.0,1119.0
INV-2026-5688,BOL202600688,COSCO,2026-02-14,USD,16413.1,3253.0,267.0,0.0,280.0,3800.0
INV-2026-5689,BOL202600689,Evergreen,2026-03-28,USD,16141.1,3255.0,269.0,0.0,280.0,3804.0
INV-2026-5690,BOL202600690,COSCO,2026-05-21,VND,15475.2,2575.0,191.0,0.0,0.0,2766.0
INV-2026-5691,BOL202600691,Evergreen,2026-02-24,VND,19537.2,927.0,92.7,250.0,0.0,1269.7
INV-2026-5692,BOL202600692,Maersk,2026-05-18,USD,16492.7,2199.0,204.0,0.0,240.0,2643.0
INV-2026-5693,BOL202600693,ONE,2026-05-06,EUR,20562.6,2838.0,283.8,0.0,0.0,3121.8
INV-2026-5694,BOL202600694,CMA CGM,2026-06-16,USD,24423.9,551.0,245.0,250.0,0.0,1046.0
INV-2026-5695,BOL202600695,COSCO,2026-05-12,EUR,20904.3,1780.0,260.0,50.0,200.0,2290.0
INV-2026-5696,BOL202600696,CMA CGM,2026-04-19,USD,24641.9,3253.0,159.0,200.0,0.0,3612.0
INV-2026-5697,BOL202600697,CMA CGM,2026-06-11,USD,23640.1,942.0,113.04,0.0,160.0,1215.04
INV-2026-5698,BOL202600698,CMA CGM,2026-02-01,USD,23132.1,3103.0,159.0,0.0,80.0,3342.0
INV-2026-5699,BOL202600699,Evergreen,2026-02-02,VND,19442.6,14430500.0,4655000.0,2450000.0,8820000.0,30355500.0
INV-2026-5700,BOL202600700,CMA CGM,2026-05-10,USD,18721.9,942.0,113.04,0.0,120.0,1175.04
INV-2026-5701,BOL202600701,ONE,2026-03-02,USD,23493.2,618.0,92.7,750.0,80.0,1540.7
INV-2026-5702,BOL202600702,CMA CGM,2026-03-08,USD,20721.1,1529.0,152.9,0.0,0.0,1681.9
INV-2026-5703,BOL202600703,Maersk,2026-01-28,EUR,17787.2,2959.0,260.0,0.0,0.0,3219.0
INV-2026-5704,BOL202600704,Maersk,2026-03-08,USD,24297.3,2499.0,299.88,200.0,200.0,3198.88
INV-2026-5705,BOL202600705,CMA CGM,2026-03-22,VND,18832.8,36872500.0,4424700.0,1225000.0,2940000.0,45462200.0
INV-2026-5706,BOL202600706,ONE,2026-03-24,USD,10118.9,3193.0,225.0,750.0,360.0,4528.0
INV-2026-5707,BOL202600707,Evergreen,2026-03-30,USD,18738.7,1811.48,248.4,0.0,0.0,2059.88
INV-2026-5708,BOL202600708,Maersk,2026-06-28,EUR,11810.6,2959.0,260.0,350.0,0.0,3569.0
INV-2026-5709,BOL202600709,MSC,2026-03-04,USD,11251.8,3051.0,290.1,0.0,40.0,3381.1
INV-2026-5710,BOL202600710,ONE,2026-05-22,USD,18627.2,2579.0,120.0,0.0,200.0,2899.0
INV-2026-5711,BOL202600711,MSC,2026-02-13,USD,10172.5,1934.0,149.0,150.0,200.0,2433.0
INV-2026-5712,BOL202600712,CMA CGM,2026-06-23,USD,25369.3,1529.0,152.9,50.0,0.0,1731.9
INV-2026-5713,BOL202600713,Evergreen,2026-02-07,USD,19019.3,2016.0,186.6,450.0,200.0,2852.6
INV-2026-5714,BOL202600714,ONE,2026-06-23,USD,20501.1,1217.0,182.55,450.0,360.0,2209.55
INV-2026-5715,BOL202600715,CMA CGM,2026-02-03,USD,12029.1,3103.0,159.0,550.0,80.0,3892.0
INV-2026-5716,BOL202600716,MSC,2026-03-27,USD,14403.5,1619.0,206.0,200.0,360.0,2385.0
INV-2026-5717,BOL202600717,ONE,2026-02-20,VND,21823.5,2426.0,182.0,100.0,120.0,2828.0
INV-2026-5718,BOL202600718,ONE,2026-03-11,USD,13779.1,2762.0,143.0,650.0,240.0,3795.0
INV-2026-5719,BOL202600719,MSC,2026-02-07,USD,25477.5,1619.0,206.0,650.0,0.0,2475.0
INV-2026-5720,BOL202600720,Maersk,2026-06-06,EUR,13807.2,2959.0,260.0,350.0,320.0,3889.0
INV-2026-5721,BOL202600721,Maersk,2026-03-08,USD,23469.3,1285.0,290.0,250.0,80.0,1905.0
INV-2026-5722,BOL202600722,Maersk,2026-02-18,USD,16379.9,2499.0,299.88,100.0,400.0,3298.88
INV-2026-5723,BOL202600723,Maersk,2026-06-12,USD,21289.7,1103.0,110.3,50.0,0.0,1263.3
INV-2026-5724,BOL202600724,ONE,2026-06-20,VND,20855.9,2838.0,283.8,250.0,0.0,3371.8
INV-2026-5725,BOL202600725,ONE,2026-02-22,EUR,16908.6,1230.0,123.0,550.0,0.0,1903.0
INV-2026-5726,BOL202600726,MSC,2026-04-21,EUR,11572.4,2153.0,258.36,200.0,80.0,2691.36
INV-2026-5727,BOL202600727,COSCO,2026-05-24,EUR,19419.6,2254.0,167.0,250.0,40.0,2711.0
INV-2026-5728,BOL202600728,Evergreen,2026-03-15,USD,20764.8,1765.0,128.0,200.0,160.0,2253.0
INV-2026-5729,BOL202600729,Maersk,2026-02-18,EUR,15624.3,2825.0,239.0,200.0,0.0,3264.0
INV-2026-5730,BOL202600730,Evergreen,2026-03-12,VND,25016.1,60245500.0,6615000.0,15925000.0,0.0,82785500.0
INV-2026-5731,BOL202600731,Maersk,2026-03-01,USD,16015.3,1624.0,139.0,200.0,0.0,1963.0
INV-2026-5732,BOL202600732,ONE,2026-02-21,EUR,17471.3,512.0,61.44,450.0,200.0,1223.44
INV-2026-5733,BOL202600733,Evergreen,2026-04-14,USD,20681.3,2371.0,170.0,0.0,0.0,2541.0
INV-2026-5734,BOL202600734,CMA CGM,2026-02-15,USD,16124.8,551.0,245.0,0.0,0.0,796.0
INV-2026-5735,BOL202600735,ONE,2026-03-31,USD,17867.5,2842.0,179.0,200.0,160.0,3381.0
INV-2026-5736,BOL202600736,COSCO,2026-03-19,EUR,18650.1,2254.0,167.0,0.0,200.0,2621.0
INV-2026-5737,BOL202600737,ONE,2026-03-03,USD,11652.6,1593.0,191.16,0.0,200.0,1984.16
INV-2026-5738,BOL202600738,ONE,2026-04-11,USD,20445.8,1017.0,145.0,650.0,0.0,1812.0
INV-2026-5739,BOL202600739,CMA CGM,2026-05-06,EUR,15277.3,1589.0,184.0,350.0,0.0,2123.0
INV-2026-5740,BOL202600740,CMA CGM,2026-06-16,VND,16462.6,36872500.0,4424700.0,11025000.0,0.0,52322200.0
INV-2026-5741,BOL202600741,CMA CGM,2026-06-16,USD,19075.9,2709.0,325.08,100.0,320.0,3454.08
INV-2026-5742,BOL202600742,MSC,2026-04-20,EUR,21529.7,1898.0,133.0,0.0,120.0,2151.0
INV-2026-5743,BOL202600743,MSC,2026-04-09,VND,12138.7,20800500.0,2496060.0,11025000.0,0.0,34321560.0
INV-2026-5744,BOL202600744,CMA CGM,2026-04-19,EUR,23553.7,1589.0,184.0,200.0,0.0,1973.0
INV-2026-5745,BOL202600745,COSCO,2026-05-19,USD,13089.5,1143.0,114.3,350.0,40.0,1647.3
INV-2026-5746,BOL202600746,MSC,2026-06-10,USD,14923.7,1934.0,149.0,550.0,200.0,2833.0
INV-2026-5747,BOL202600747,CMA CGM,2026-01-26,USD,15403.5,1488.0,245.0,0.0,80.0,1813.0
INV-2026-5748,BOL202600748,Maersk,2026-02-24,USD,20677.1,2199.0,204.0,250.0,160.0,2813.0
INV-2026-5749,BOL202600749,Evergreen,2026-03-07,USD,10590.0,1708.0,226.0,200.0,320.0,2454.0
INV-2026-5750,BOL202600750,Evergreen,2026-02-09,EUR,19894.0,927.0,92.7,550.0,240.0,1809.7
INV-2026-5751,BOL202600751,CMA CGM,2026-02-21,EUR,10799.3,1005.0,166.0,750.0,0.0,1921.0
INV-2026-5752,BOL202600752,Maersk,2026-05-19,USD,11023.3,882.0,132.3,0.0,200.0,1214.3
INV-2026-5753,BOL202600753,Evergreen,2026-03-20,USD,16819.4,2623.0,206.0,450.0,80.0,3359.0
INV-2026-5754,BOL202600754,ONE,2026-04-14,USD,19215.5,2264.0,226.4,0.0,40.0,2530.4
INV-2026-5755,BOL202600755,CMA CGM,2026-02-03,EUR,11931.9,2285.0,228.5,450.0,160.0,3123.5
INV-2026-5756,BOL202600756,Maersk,2026-03-14,EUR,17018.6,1346.0,201.9,0.0,0.0,1547.9
INV-2026-5757,BOL202600757,ONE,2026-02-25,USD,10250.1,1593.0,191.16,0.0,0.0,1784.16
INV-2026-5758,BOL202600758,MSC,2026-01-27,USD,21307.9,1144.0,199.0,650.0,200.0,2193.0
INV-2026-5759,BOL202600759,COSCO,2026-05-21,USD,13298.6,1448.0,300.0,0.0,160.0,1908.0
INV-2026-5760,BOL202600760,ONE,2026-05-28,USD,12792.8,1461.0,178.0,0.0,200.0,1839.0
INV-2026-5761,BOL202600761,CMA CGM,2026-03-22,USD,11408.3,3022.0,239.0,0.0,200.0,3461.0
INV-2026-5762,BOL202600762,ONE,2026-01-28,EUR,25785.7,1230.0,123.0,200.0,40.0,1593.0
INV-2026-5763,BOL202600763,Maersk,2026-06-14,USD,20023.4,2365.0,281.0,50.0,0.0,2696.0
INV-2026-5764,BOL202600764,COSCO,2026-03-14,USD,20963.9,3244.0,324.4,100.0,0.0,3668.4
INV-2026-5765,BOL202600765,MSC,2026-03-04,EUR,13353.4,2747.0,412.05,0.0,280.0,3439.05
INV-2026-5766,BOL202600766,Evergreen,2026-05-18,USD,10839.3,2504.0,191.0,0.0,0.0,2695.0
INV-2026-5767,BOL202600767,Evergreen,2026-02-10,USD,11133.8,1471.0,266.0,350.0,120.0,2207.0
INV-2026-5768,BOL202600768,Evergreen,2026-06-25,EUR,21953.4,1622.0,243.3,0.0,0.0,1865.3
INV-2026-5769,BOL202600769,CMA CGM,2026-04-22,EUR,16008.5,1790.0,214.8,0.0,120.0,2124.8
INV-2026-5770,BOL202600770,Evergreen,2026-07-05,USD,13458.6,3264.0,391.68,200.0,0.0,3855.68
INV-2026-5771,BOL202600771,MSC,2026-05-08,USD,21517.1,3019.0,452.85,0.0,0.0,3471.85
INV-2026-5772,BOL202600772,Evergreen,2026-03-21,USD,21075.4,3193.0,293.0,50.0,0.0,3536.0
INV-2026-5773,BOL202600773,MSC,2026-03-02,USD,12739.2,3019.0,452.85,0.0,0.0,3471.85
INV-2026-5774,BOL202600774,COSCO,2026-03-07,USD,18844.1,792.0,79.2,0.0,80.0,951.2
INV-2026-5775,BOL202600775,CMA CGM,2026-06-18,VND,13463.1,23544500.0,1986950.0,13475000.0,4900000.0,43906450.0
INV-2026-5776,BOL202600776,MSC,2026-03-31,USD,21778.9,2901.0,290.1,0.0,120.0,3311.1
INV-2026-5777,BOL202600777,CMA CGM,2026-05-17,USD,23821.3,2242.0,210.0,650.0,200.0,3302.0
INV-2026-5778,BOL202600778,MSC,2026-02-04,USD,10640.9,3207.0,320.7,550.0,160.0,4237.7
INV-2026-5779,BOL202600779,Evergreen,2026-02-10,USD,17668.3,1811.48,248.4,690.0,0.0,2749.88
INV-2026-5780,BOL202600780,CMA CGM,2026-05-28,USD,18935.8,811.0,81.1,350.0,360.0,1602.1
INV-2026-5781,BOL202600781,CMA CGM,2026-05-08,VND,14732.6,24916500.0,7129500.0,0.0,2940000.0,34986000.0
INV-2026-5782,BOL202600782,ONE,2026-06-01,USD,17348.5,2369.92,167.44,322.0,257.6,3116.96
INV-2026-5783,BOL202600783,Maersk,2026-02-07,USD,12218.0,1875.0,258.0,150.0,0.0,2283.0
INV-2026-5784,BOL202600784,CMA CGM,2026-05-09,USD,10021.8,3103.0,159.0,0.0,160.0,3422.0
INV-2026-5785,BOL202600785,Evergreen,2026-04-14,USD,22046.2,2116.0,253.92,350.0,160.0,2879.92
INV-2026-5786,BOL202600786,CMA CGM,2026-06-23,USD,11295.3,1645.0,262.0,550.0,0.0,2457.0
INV-2026-5787,BOL202600787,Evergreen,2026-06-11,USD,11775.5,2316.0,180.0,100.0,280.0,2876.0
INV-2026-5788,BOL202600788,Evergreen,2026-02-09,USD,20370.8,3152.0,472.8,0.0,160.0,3784.8
INV-2026-5789,BOL202600789,MSC,2026-03-18,USD,13818.1,1016.0,279.0,250.0,120.0,1665.0
INV-2026-5790,BOL202600790,Maersk,2026-06-23,USD,22174.2,1447.0,297.0,100.0,80.0,1924.0
INV-2026-5791,BOL202600791,Evergreen,2026-06-11,EUR,11013.9,927.0,92.7,200.0,240.0,1459.7
INV-2026-5792,BOL202600792,CMA CGM,2026-05-31,USD,18510.5,551.0,245.0,850.0,0.0,1646.0
INV-2026-5793,BOL202600793,Maersk,2026-05-25,EUR,25125.8,2825.0,239.0,0.0,120.0,3184.0
INV-2026-5794,BOL202600794,Evergreen,2026-02-12,USD,12861.0,1000.0,143.0,0.0,120.0,1263.0
INV-2026-5795,BOL202600795,CMA CGM,2026-04-01,EUR,17941.3,972.0,116.64,250.0,320.0,1658.64
INV-2026-5796,BOL202600796,Evergreen,2026-02-02,USD,20918.5,1076.0,161.4,100.0,40.0,1377.4
INV-2026-5797,BOL202600797,COSCO,2026-05-19,USD,10343.7,1448.0,300.0,0.0,0.0,1748.0
INV-2026-5798,BOL202600798,MSC,2026-03-28,USD,15484.7,2822.0,320.64,450.0,40.0,3632.64
INV-2026-5799,BOL202600799,ONE,2026-06-07,USD,19076.0,2264.0,226.4,0.0,80.0,2570.4
INV-2026-5800,BOL202600800,COSCO,2026-04-03,EUR,14610.3,2725.0,191.0,0.0,40.0,2956.0
INV-2026-5801,BOL202600801,Maersk,2026-04-14,USD,19898.1,1285.0,290.0,350.0,240.0,2165.0
INV-2026-5802,BOL202600802,MSC,2026-04-09,EUR,23429.3,1898.0,133.0,650.0,240.0,2921.0
INV-2026-5803,BOL202600803,Maersk,2026-03-03,USD,10658.4,2349.0,204.0,200.0,0.0,2753.0
INV-2026-5804,BOL202600804,COSCO,2026-05-19,EUR,13282.5,959.0,296.0,0.0,360.0,1615.0
INV-2026-5805,BOL202600805,MSC,2026-04-21,USD,17174.9,1635.0,163.5,150.0,80.0,2028.5
INV-2026-5806,BOL202600806,ONE,2026-02-18,USD,17990.7,3050.0,280.0,100.0,120.0,3550.0
INV-2026-5807,BOL202600807,CMA CGM,2026-02-26,EUR,18738.3,1446.0,289.0,0.0,240.0,1975.0
INV-2026-5808,BOL202600808,Maersk,2026-04-20,VND,25513.7,53875500.0,4998000.0,6125000.0,0.0,64998500.0
INV-2026-5809,BOL202600809,Evergreen,2026-06-25,USD,11797.0,1076.0,161.4,650.0,0.0,1887.4
INV-2026-5810,BOL202600810,Maersk,2026-02-27,VND,16426.1,1346.0,201.9,100.0,120.0,1767.9
INV-2026-5811,BOL202600811,COSCO,2026-02-24,USD,18422.9,1448.0,300.0,0.0,0.0,1748.0
INV-2026-5812,BOL202600812,COSCO,2026-02-25,EUR,25322.0,2263.0,270.0,50.0,0.0,2583.0
INV-2026-5813,BOL202600813,CMA CGM,2026-06-02,USD,18184.9,942.0,113.04,650.0,240.0,1945.04
INV-2026-5814,BOL202600814,Maersk,2026-05-03,USD,27864.1,2499.0,299.88,50.0,40.0,2888.88
INV-2026-5815,BOL202600815,COSCO,2026-02-01,USD,14929.4,3253.0,267.0,750.0,240.0,4510.0
INV-2026-5816,BOL202600816,ONE,2026-02-18,EUR,17107.5,1058.0,257.0,450.0,120.0,1885.0
INV-2026-5817,BOL202600817,CMA CGM,2026-04-06,USD,25525.8,2242.0,210.0,350.0,80.0,2882.0
INV-2026-5818,BOL202600818,CMA CGM,2026-02-24,EUR,14851.7,1790.0,214.8,0.0,0.0,2004.8
INV-2026-5819,BOL202600819,Evergreen,2026-04-29,USD,12798.3,2316.0,180.0,350.0,280.0,3126.0
INV-2026-5820,BOL202600820,Evergreen,2026-02-28,VND,16108.3,14430500.0,4655000.0,4900000.0,0.0,23985500.0
INV-2026-5821,BOL202600821,ONE,2026-04-15,USD,21837.7,3262.0,201.0,0.0,0.0,3463.0
INV-2026-5822,BOL202600822,Evergreen,2026-03-06,EUR,20248.9,1622.0,243.3,100.0,0.0,1965.3
INV-2026-5823,BOL202600823,CMA CGM,2026-04-15,USD,24508.7,1645.0,262.0,0.0,0.0,1907.0
INV-2026-5824,BOL202600824,Maersk,2026-02-26,EUR,25530.0,2086.0,208.6,550.0,120.0,2964.6
INV-2026-5825,BOL202600825,Evergreen,2026-07-01,USD,23893.5,3043.0,293.0,450.0,200.0,3986.0
INV-2026-5826,BOL202600826,CMA CGM,2026-03-02,USD,19204.2,3103.0,159.0,0.0,280.0,3542.0
INV-2026-5827,BOL202600827,Evergreen,2026-02-06,USD,24053.1,3043.0,293.0,100.0,0.0,3436.0
INV-2026-5828,BOL202600828,MSC,2026-02-11,USD,20180.0,924.0,92.4,0.0,80.0,1096.4
INV-2026-5829,BOL202600829,Evergreen,2026-04-05,USD,22263.1,1765.0,128.0,450.0,0.0,2343.0
INV-2026-5830,BOL202600830,Maersk,2026-03-14,USD,23229.2,1624.0,139.0,450.0,80.0,2293.0
INV-2026-5831,BOL202600831,CMA CGM,2026-04-15,EUR,23173.0,972.0,116.64,0.0,240.0,1328.64
INV-2026-5832,BOL202600832,Evergreen,2026-04-14,VND,16591.9,46917500.0,3136000.0,0.0,980000.0,51033500.0
INV-2026-5833,BOL202600833,COSCO,2026-03-08,EUR,22721.7,2254.0,167.0,350.0,280.0,3051.0
INV-2026-5834,BOL202600834,MSC,2026-06-07,USD,24656.5,2358.0,145.0,750.0,0.0,3253.0
INV-2026-5835,BOL202600835,Evergreen,2026-02-08,USD,21056.8,3255.0,269.0,550.0,120.0,4194.0
INV-2026-5836,BOL202600836,Maersk,2026-06-12,USD,14874.9,1103.0,110.3,750.0,0.0,1963.3
INV-2026-5837,BOL202600837,CMA CGM,2026-03-21,EUR,12277.7,1005.0,166.0,50.0,0.0,1221.0
INV-2026-5838,BOL202600838,Maersk,2026-03-16,USD,16796.9,1875.0,258.0,0.0,0.0,2133.0
INV-2026-5839,BOL202600839,Evergreen,2026-06-07,USD,22688.9,3152.0,472.8,200.0,0.0,3824.8
INV-2026-5840,BOL202600840,COSCO,2026-05-23,USD,10692.5,686.0,102.9,250.0,0.0,1038.9
INV-2026-5841,BOL202600841,Evergreen,2026-02-14,USD,15500.6,1708.0,226.0,0.0,320.0,2254.0
INV-2026-5842,BOL202600842,CMA CGM,2026-04-20,USD,15565.4,1017.0,291.0,750.0,240.0,2298.0
INV-2026-5843,BOL202600843,MSC,2026-03-29,EUR,22868.3,2299.0,275.88,0.0,0.0,2574.88
INV-2026-5844,BOL202600844,COSCO,2026-03-04,EUR,11579.0,2575.0,191.0,850.0,160.0,3776.0
INV-2026-5845,BOL202600845,COSCO,2026-05-30,EUR,12962.0,2254.0,167.0,0.0,0.0,2421.0
INV-2026-5846,BOL202600846,Maersk,2026-05-03,USD,18228.0,2593.0,163.0,0.0,40.0,2796.0
INV-2026-5847,BOL202600847,Maersk,2026-03-05,USD,12174.6,2593.0,163.0,550.0,0.0,3306.0
INV-2026-5848,BOL202600848,Maersk,2026-06-16,USD,16156.5,2199.0,204.0,200.0,280.0,2883.0
INV-2026-5849,BOL202600849,CMA CGM,2026-04-21,VND,16516.5,1005.0,166.0,0.0,0.0,1171.0
INV-2026-5850,BOL202600850,CMA CGM,2026-05-30,EUR,25979.6,1589.0,184.0,450.0,0.0,2223.0
INV-2026-5851,BOL202600851,Maersk,2026-05-16,EUR,20824.3,2086.0,208.6,0.0,280.0,2574.6
INV-2026-5852,BOL202600852,Evergreen,2026-05-04,VND,24278.8,1622.0,243.3,0.0,120.0,1985.3
INV-2026-5853,BOL202600853,CMA CGM,2026-03-20,USD,23504.5,3022.0,239.0,0.0,0.0,3261.0
INV-2026-5854,BOL202600854,CMA CGM,2026-05-21,USD,21415.9,627.0,62.7,350.0,80.0,1119.7
INV-2026-5855,BOL202600855,COSCO,2026-05-12,USD,19650.6,2730.0,409.5,200.0,160.0,3499.5
INV-2026-5856,BOL202600856,CMA CGM,2026-04-06,USD,11728.6,1488.0,245.0,200.0,240.0,2173.0
INV-2026-5857,BOL202600857,Maersk,2026-03-24,USD,20678.4,2593.0,163.0,0.0,80.0,2836.0
INV-2026-5858,BOL202600858,Evergreen,2026-04-16,USD,19971.7,2709.0,255.0,250.0,240.0,3454.0
INV-2026-5859,BOL202600859,Evergreen,2026-06-08,EUR,20593.5,1622.0,243.3,150.0,80.0,2095.3
INV-2026-5860,BOL202600860,ONE,2026-06-17,EUR,18648.5,512.0,61.44,650.0,120.0,1343.44
INV-2026-5861,BOL202600861,CMA CGM,2026-05-11,EUR,15032.9,1589.0,184.0,200.0,120.0,2093.0
INV-2026-5862,BOL202600862,CMA CGM,2026-01-29,USD,20550.6,942.0,113.04,650.0,280.0,1985.04
INV-2026-5863,BOL202600863,Evergreen,2026-03-17,USD,17049.9,2309.0,270.0,100.0,0.0,2679.0
INV-2026-5864,BOL202600864,MSC,2026-06-28,USD,20966.0,2358.0,145.0,200.0,200.0,2903.0
INV-2026-5865,BOL202600865,Evergreen,2026-06-17,USD,16262.2,3043.0,293.0,350.0,160.0,3846.0
INV-2026-5866,BOL202600866,COSCO,2026-04-27,EUR,10450.4,823.0,209.0,0.0,40.0,1072.0
INV-2026-5867,BOL202600867,COSCO,2026-04-17,USD,20002.4,686.0,102.9,0.0,160.0,948.9
INV-2026-5868,BOL202600868,ONE,2026-04-28,USD,10903.2,2762.0,143.0,0.0,40.0,2945.0
INV-2026-5869,BOL202600869,COSCO,2026-04-09,EUR,11048.0,1630.0,260.0,0.0,40.0,1930.0
INV-2026-5870,BOL202600870,COSCO,2026-03-02,USD,10598.0,2730.0,409.5,750.0,200.0,4089.5
INV-2026-5871,BOL202600871,Maersk,2026-06-26,USD,21135.3,882.0,132.3,0.0,120.0,1134.3
INV-2026-5872,BOL202600872,MSC,2026-05-06,USD,11563.6,3207.0,320.7,0.0,280.0,3807.7
INV-2026-5873,BOL202600873,ONE,2026-03-24,USD,22983.3,2264.0,226.4,0.0,0.0,2490.4
INV-2026-5874,BOL202600874,CMA CGM,2026-04-18,USD,13228.1,1017.0,291.0,750.0,0.0,2058.0
INV-2026-5875,BOL202600875,MSC,2026-06-13,USD,10760.5,2778.0,416.7,50.0,40.0,3284.7
INV-2026-5876,BOL202600876,MSC,2026-02-13,USD,17380.6,2911.0,124.0,650.0,160.0,3845.0
INV-2026-5877,BOL202600877,Maersk,2026-06-01,EUR,22730.4,2811.0,337.32,750.0,0.0,3898.32
INV-2026-5878,BOL202600878,COSCO,2026-06-05,USD,18639.2,3244.0,324.4,50.0,200.0,3818.4
INV-2026-5879,BOL202600879,Maersk,2026-04-09,USD,18761.0,1253.0,110.3,450.0,280.0,2093.3
INV-2026-5880,BOL202600880,MSC,2026-06-07,USD,13407.2,1169.0,254.0,200.0,80.0,1703.0
INV-2026-5881,BOL202600881,Evergreen,2026-06-19,USD,21625.8,2316.0,180.0,150.0,40.0,2686.0
INV-2026-5882,BOL202600882,COSCO,2026-05-08,USD,12407.6,985.0,275.0,650.0,0.0,1910.0
INV-2026-5883,BOL202600883,Maersk,2026-05-24,USD,23283.4,2593.0,163.0,450.0,120.0,3326.0
INV-2026-5884,BOL202600884,CMA CGM,2026-05-12,USD,20336.7,1017.0,291.0,450.0,280.0,2038.0
INV-2026-5885,BOL202600885,CMA CGM,2026-03-31,USD,12399.4,1922.0,289.0,0.0,80.0,2291.0
INV-2026-5886,BOL202600886,ONE,2026-06-02,USD,16978.1,1788.0,202.0,850.0,0.0,2840.0
INV-2026-5887,BOL202600887,CMA CGM,2026-03-18,USD,10466.3,1244.0,174.0,250.0,160.0,1828.0
INV-2026-5888,BOL202600888,MSC,2026-03-05,EUR,17773.5,2286.0,251.0,0.0,0.0,2537.0
INV-2026-5889,BOL202600889,Maersk,2026-04-19,USD,24409.2,1875.0,258.0,850.0,120.0,3103.0
INV-2026-5890,BOL202600890,ONE,2026-02-24,EUR,21587.8,512.0,61.44,0.0,0.0,573.44
INV-2026-5891,BOL202600891,Maersk,2026-06-18,EUR,23263.7,3109.0,260.0,0.0,200.0,3569.0
INV-2026-5892,BOL202600892,Maersk,2026-02-19,USD,22371.1,2163.0,259.56,0.0,280.0,2702.56
INV-2026-5893,BOL202600893,COSCO,2026-05-04,EUR,13488.1,870.0,130.5,0.0,0.0,1000.5
INV-2026-5894,BOL202600894,MSC,2026-04-12,USD,23806.4,849.0,101.88,200.0,160.0,1310.88
INV-2026-5895,BOL202600895,Maersk,2026-04-26,USD,16780.5,997.0,154.0,0.0,0.0,1151.0
INV-2026-5896,BOL202600896,ONE,2026-03-08,EUR,19290.6,512.0,61.44,0.0,320.0,893.44
INV-2026-5897,BOL202600897,MSC,2026-01-30,USD,22620.8,1635.0,163.5,0.0,240.0,2038.5
INV-2026-5898,BOL202600898,CMA CGM,2026-05-08,USD,21209.9,1488.0,245.0,0.0,160.0,1893.0
INV-2026-5899,BOL202600899,COSCO,2026-04-05,USD,24556.6,3244.0,324.4,650.0,0.0,4218.4
INV-2026-5900,BOL202600900,Evergreen,2026-04-07,USD,22106.7,3264.0,391.68,0.0,0.0,3655.68
INV-2026-5901,BOL202600901,MSC,2026-05-20,USD,22267.9,1016.0,279.0,450.0,0.0,1745.0
INV-2026-5902,BOL202600902,CMA CGM,2026-03-31,USD,25047.9,3022.0,239.0,350.0,80.0,3691.0
INV-2026-5903,BOL202600903,Maersk,2026-04-28,USD,23123.9,3202.0,289.0,550.0,0.0,4041.0
INV-2026-5904,BOL202600904,ONE,2026-05-31,USD,19633.9,1788.0,202.0,550.0,40.0,2580.0
INV-2026-5905,BOL202600905,CMA CGM,2026-05-14,USD,20262.0,1330.32,265.88,230.0,110.4,1936.6
INV-2026-5906,BOL202600906,Maersk,2026-02-22,USD,20052.7,2499.0,299.88,200.0,0.0,2998.88
INV-2026-5907,BOL202600907,CMA CGM,2026-02-21,USD,21417.0,701.0,245.0,650.0,0.0,1596.0
INV-2026-5908,BOL202600908,Maersk,2026-05-16,EUR,23976.1,2086.0,208.6,50.0,0.0,2344.6
INV-2026-5909,BOL202600909,ONE,2026-04-22,EUR,16631.9,1535.0,279.0,50.0,160.0,2024.0
INV-2026-5910,BOL202600910,MSC,2026-06-23,USD,20353.7,2822.0,320.64,0.0,0.0,3142.64
INV-2026-5911,BOL202600911,Maersk,2026-05-25,USD,23629.3,436.08,180.32,46.0,184.0,846.4
INV-2026-5912,BOL202600912,CMA CGM,2026-05-18,USD,25328.5,2694.0,269.4,350.0,0.0,3313.4
INV-2026-5913,BOL202600913,MSC,2026-02-04,USD,24852.6,1934.0,149.0,100.0,0.0,2183.0
INV-2026-5914,BOL202600914,CMA CGM,2026-03-24,USD,23791.0,942.0,113.04,0.0,280.0,1335.04
INV-2026-5915,BOL202600915,Evergreen,2026-06-07,USD,23701.4,3255.0,269.0,0.0,0.0,3524.0
INV-2026-5916,BOL202600916,Maersk,2026-03-23,USD,22679.4,1875.0,258.0,50.0,80.0,2263.0
INV-2026-5917,BOL202600917,MSC,2026-04-04,USD,15914.2,2672.0,320.64,250.0,120.0,3362.64
INV-2026-5918,BOL202600918,MSC,2026-02-08,USD,23943.1,2033.0,304.95,50.0,320.0,2707.95
INV-2026-5919,BOL202600919,Maersk,2026-03-28,EUR,21777.7,2959.0,260.0,0.0,0.0,3219.0
INV-2026-5920,BOL202600920,Evergreen,2026-06-15,USD,24531.6,3152.0,472.8,250.0,200.0,4074.8
INV-2026-5921,BOL202600921,ONE,2026-02-01,USD,19914.5,1167.0,145.0,50.0,320.0,1682.0
INV-2026-5922,BOL202600922,MSC,2026-04-26,USD,18953.0,3207.0,320.7,0.0,0.0,3527.7
INV-2026-5923,BOL202600923,Maersk,2026-03-19,USD,24046.3,2593.0,163.0,0.0,40.0,2796.0
INV-2026-5924,BOL202600924,ONE,2026-06-17,EUR,11869.5,1535.0,279.0,0.0,200.0,2014.0
INV-2026-5925,BOL202600925,CMA CGM,2026-04-13,EUR,14526.8,1596.0,289.0,200.0,0.0,2085.0
INV-2026-5926,BOL202600926,COSCO,2026-06-10,USD,12639.7,3244.0,324.4,100.0,0.0,3668.4
INV-2026-5927,BOL202600927,CMA CGM,2026-06-28,VND,13677.8,24916500.0,7129500.0,4900000.0,1960000.0,38906000.0
INV-2026-5928,BOL202600928,COSCO,2026-03-16,USD,25923.2,3244.0,324.4,0.0,120.0,3688.4
INV-2026-5929,BOL202600929,Evergreen,2026-05-05,USD,11799.9,2316.0,180.0,550.0,0.0,3046.0
INV-2026-5930,BOL202600930,COSCO,2026-03-07,USD,23359.3,1448.0,300.0,150.0,0.0,1898.0
INV-2026-5931,BOL202600931,Evergreen,2026-06-17,USD,25546.0,2473.0,206.0,650.0,200.0,3529.0
INV-2026-5932,BOL202600932,CMA CGM,2026-03-18,EUR,13938.5,1790.0,214.8,250.0,120.0,2374.8
INV-2026-5933,BOL202600933,COSCO,2026-04-13,USD,25701.4,3315.0,397.8,150.0,40.0,3902.8
INV-2026-5934,BOL202600934,ONE,2026-02-27,EUR,11297.0,512.0,61.44,450.0,200.0,1223.44
INV-2026-5935,BOL202600935,MSC,2026-05-23,EUR,10092.9,2747.0,412.05,250.0,280.0,3689.05
INV-2026-5936,BOL202600936,CMA CGM,2026-05-25,USD,25997.1,2242.0,210.0,0.0,0.0,2452.0
INV-2026-5937,BOL202600937,Maersk,2026-02-10,USD,10888.6,1285.0,290.0,150.0,280.0,2005.0
INV-2026-5938,BOL202600938,CMA CGM,2026-04-28,USD,12848.2,3103.0,159.0,0.0,0.0,3262.0
INV-2026-5939,BOL202600939,ONE,2026-03-19,USD,16438.3,1217.0,182.55,450.0,440.0,2289.55
INV-2026-5940,BOL202600940,MSC,2026-03-02,USD,22817.6,1074.0,92.4,450.0,80.0,1696.4
INV-2026-5941,BOL202600941,CMA CGM,2026-03-05,EUR,23312.8,2784.0,206.0,0.0,120.0,3110.0
INV-2026-5942,BOL202600942,ONE,2026-05-24,USD,19008.9,1217.0,182.55,0.0,160.0,1559.55
INV-2026-5943,BOL202600943,Maersk,2026-04-30,USD,16816.3,1447.0,297.0,250.0,120.0,2114.0
INV-2026-5944,BOL202600944,MSC,2026-05-24,USD,21418.2,1934.0,149.0,150.0,320.0,2553.0
INV-2026-5945,BOL202600945,ONE,2026-06-03,EUR,16997.7,1230.0,123.0,0.0,0.0,1353.0
INV-2026-5946,BOL202600946,ONE,2026-02-28,USD,18369.5,1461.0,178.0,350.0,0.0,1989.0
INV-2026-5947,BOL202600947,Maersk,2026-06-13,USD,18214.6,882.0,132.3,50.0,160.0,1224.3
INV-2026-5948,BOL202600948,Evergreen,2026-02-25,EUR,19095.7,1622.0,243.3,0.0,80.0,1945.3
INV-2026-5949,BOL202600949,Evergreen,2026-06-21,USD,10260.3,2116.0,253.92,450.0,120.0,2939.92
INV-2026-5950,BOL202600950,CMA CGM,2026-03-10,USD,10724.1,2694.0,269.4,850.0,280.0,4093.4
INV-2026-5951,BOL202600951,MSC,2026-04-15,USD,17280.0,2033.0,304.95,100.0,280.0,2717.95
INV-2026-5952,BOL202600952,Maersk,2026-04-06,USD,23941.5,2163.0,259.56,0.0,0.0,2422.56
INV-2026-5953,BOL202600953,ONE,2026-02-15,USD,11701.3,3050.0,280.0,0.0,0.0,3330.0
INV-2026-5954,BOL202600954,CMA CGM,2026-05-07,USD,21068.9,1529.0,152.9,550.0,200.0,2431.9
INV-2026-5955,BOL202600955,Evergreen,2026-06-01,EUR,25582.8,927.0,92.7,550.0,240.0,1809.7
INV-2026-5956,BOL202600956,CMA CGM,2026-05-10,USD,13052.8,924.6,152.72,506.0,0.0,1583.32
INV-2026-5957,BOL202600957,Evergreen,2026-01-31,EUR,12322.5,1969.0,270.0,150.0,240.0,2629.0
INV-2026-5958,BOL202600958,Maersk,2026-06-14,EUR,17583.8,624.0,196.0,0.0,0.0,820.0
INV-2026-5959,BOL202600959,Evergreen,2026-03-15,USD,17543.8,1471.0,266.0,200.0,0.0,1937.0
INV-2026-5960,BOL202600960,MSC,2026-03-19,USD,23341.4,924.0,92.4,0.0,0.0,1016.4
INV-2026-5961,BOL202600961,MSC,2026-02-26,USD,23577.9,749.0,222.0,200.0,280.0,1451.0
INV-2026-5962,BOL202600962,MSC,2026-06-21,USD,18213.7,849.0,101.88,350.0,240.0,1540.88
INV-2026-5963,BOL202600963,ONE,2026-05-29,USD,18452.9,1461.0,178.0,350.0,40.0,2029.0
INV-2026-5964,BOL202600964,Evergreen,2026-06-10,USD,20372.8,2730.0,135.0,0.0,120.0,2985.0
INV-2026-5965,BOL202600965,COSCO,2026-05-03,EUR,10332.9,959.0,296.0,350.0,120.0,1725.0
INV-2026-5966,BOL202600966,COSCO,2026-05-30,VND,18122.2,73426500.0,7342650.0,20825000.0,5880000.0,107474150.0
INV-2026-5967,BOL202600967,Evergreen,2026-04-30,USD,14694.3,2316.0,180.0,50.0,160.0,2706.0
INV-2026-5968,BOL202600968,Evergreen,2026-05-06,USD,23512.5,3043.0,293.0,0.0,80.0,3416.0
INV-2026-5969,BOL202600969,CMA CGM,2026-02-24,EUR,13191.7,1790.0,214.8,100.0,0.0,2104.8
INV-2026-5970,BOL202600970,CMA CGM,2026-05-22,USD,13350.9,1330.32,265.88,0.0,36.8,1633.0
INV-2026-5971,BOL202600971,Evergreen,2026-04-07,EUR,12795.4,1495.0,179.4,0.0,0.0,1674.4
INV-2026-5972,BOL202600972,COSCO,2026-04-29,USD,13627.0,3315.0,397.8,0.0,120.0,3832.8
INV-2026-5973,BOL202600973,Maersk,2026-04-06,USD,22310.0,2092.0,291.0,0.0,0.0,2383.0
INV-2026-5974,BOL202600974,Maersk,2026-06-02,USD,24826.1,1147.0,154.0,450.0,120.0,1871.0
INV-2026-5975,BOL202600975,Maersk,2026-02-20,EUR,19754.5,2811.0,337.32,750.0,160.0,4058.32
INV-2026-5976,BOL202600976,ONE,2026-02-02,VND,11888.9,1535.0,279.0,650.0,120.0,2584.0
INV-2026-5977,BOL202600977,Maersk,2026-03-10,USD,22191.4,1875.0,258.0,550.0,0.0,2683.0
INV-2026-5978,BOL202600978,COSCO,2026-03-11,EUR,12204.4,2263.0,270.0,100.0,80.0,2713.0
INV-2026-5979,BOL202600979,COSCO,2026-01-27,USD,17578.6,3315.0,397.8,250.0,0.0,3962.8
INV-2026-5980,BOL202600980,Maersk,2026-02-19,USD,22077.5,2199.0,204.0,250.0,240.0,2893.0
INV-2026-5981,BOL202600981,Maersk,2026-03-26,EUR,18474.4,2293.0,183.0,0.0,200.0,2676.0
INV-2026-5982,BOL202600982,MSC,2026-05-16,EUR,25229.4,2286.0,251.0,650.0,240.0,3427.0
INV-2026-5983,BOL202600983,MSC,2026-04-23,USD,22322.4,2672.0,320.64,450.0,160.0,3602.64
INV-2026-5984,BOL202600984,ONE,2026-02-08,USD,16426.4,1461.0,178.0,150.0,0.0,1789.0
INV-2026-5985,BOL202600985,COSCO,2026-05-01,USD,20263.5,2730.0,409.5,0.0,240.0,3379.5
INV-2026-5986,BOL202600986,MSC,2026-06-12,USD,24172.5,1934.0,149.0,150.0,80.0,2313.0
INV-2026-5987,BOL202600987,Evergreen,2026-04-25,USD,19766.4,2473.0,206.0,550.0,80.0,3309.0
INV-2026-5988,BOL202600988,COSCO,2026-05-18,USD,19989.8,2323.0,296.0,250.0,120.0,2989.0
INV-2026-5989,BOL202600989,Evergreen,2026-04-29,EUR,24095.6,1969.0,270.0,0.0,160.0,2399.0
INV-2026-5990,BOL202600990,MSC,2026-04-27,EUR,21840.8,2266.0,226.6,150.0,240.0,2882.6
INV-2026-5991,BOL202600991,ONE,2026-04-11,EUR,18341.4,931.0,111.72,0.0,0.0,1042.72
INV-2026-5992,BOL202600992,Maersk,2026-02-05,EUR,22386.5,2959.0,260.0,50.0,240.0,3509.0
INV-2026-5993,BOL202600993,Evergreen,2026-02-16,VND,14156.1,56570500.0,6615000.0,0.0,0.0,63185500.0
INV-2026-5994,BOL202600994,COSCO,2026-02-04,USD,19159.0,2549.0,232.0,200.0,120.0,3101.0
INV-2026-5995,BOL202600995,MSC,2026-03-26,VND,14552.6,2747.0,412.05,200.0,320.0,3679.05
INV-2026-5996,BOL202600996,ONE,2026-03-06,VND,13962.1,59706500.0,5341000.0,6125000.0,4900000.0,76072500.0
INV-2026-5997,BOL202600997,ONE,2026-03-20,EUR,12344.9,931.0,111.72,550.0,80.0,1672.72
INV-2026-5998,BOL202600998,Maersk,2026-02-12,EUR,13436.6,1346.0,201.9,0.0,320.0,1867.9
INV-2026-5999,BOL202600999,ONE,2026-06-14,USD,18303.1,2762.0,143.0,750.0,80.0,3735.0
INV-2026-6000,BOL202601000,Maersk,2026-07-02,USD,25944.2,2163.0,259.56,650.0,200.0,3272.56
INV-2026-6001,BOL202601001,MSC,2026-05-11,USD,12034.0,2901.0,290.1,100.0,0.0,3291.1
INV-2026-6002,BOL202601002,ONE,2026-06-01,VND,17286.9,512.0,61.44,550.0,0.0,1123.44
INV-2026-6003,BOL202601003,CMA CGM,2026-06-21,USD,11900.3,1244.0,174.0,0.0,0.0,1418.0
INV-2026-6004,BOL202601004,MSC,2026-05-06,USD,15943.5,3207.0,320.7,50.0,0.0,3577.7
INV-2026-6005,BOL202601005,Evergreen,2026-05-22,USD,12274.2,2730.0,135.0,50.0,0.0,2915.0
INV-2026-6006,BOL202601006,Maersk,2026-04-16,EUR,23106.0,474.0,196.0,0.0,0.0,670.0
INV-2026-6007,BOL202601007,MSC,2026-06-22,USD,17698.8,1619.0,206.0,200.0,200.0,2225.0
INV-2026-6008,BOL202601008,CMA CGM,2026-04-27,USD,21520.5,1505.0,180.6,0.0,0.0,1685.6
INV-2026-6009,BOL202601009,Evergreen,2026-06-10,EUR,20675.5,1622.0,243.3,550.0,360.0,2775.3
INV-2026-6010,BOL202601010,Maersk,2026-04-13,EUR,20632.0,474.0,196.0,50.0,0.0,720.0
INV-2026-6011,BOL202601011,ONE,2026-05-10,USD,25329.3,1593.0,191.16,350.0,0.0,2134.16
INV-2026-6012,BOL202601012,CMA CGM,2026-02-17,USD,19151.9,2694.0,269.4,50.0,160.0,3173.4
INV-2026-6013,BOL202601013,COSCO,2026-02-22,USD,19899.3,792.0,79.2,450.0,120.0,1441.2
INV-2026-6014,BOL202601014,Evergreen,2026-06-21,EUR,18042.2,1495.0,179.4,0.0,320.0,1994.4
INV-2026-6015,BOL202601015,CMA CGM,2026-06-10,USD,14399.4,1505.0,180.6,0.0,360.0,2045.6
INV-2026-6016,BOL202601016,Maersk,2026-07-06,USD,15126.9,1875.0,258.0,0.0,200.0,2333.0
INV-2026-6017,BOL202601017,MSC,2026-02-04,USD,16639.0,1086.0,137.0,100.0,280.0,1603.0
INV-2026-6018,BOL202601018,Maersk,2026-03-27,EUR,11589.3,2825.0,239.0,0.0,0.0,3064.0
INV-2026-6019,BOL202601019,COSCO,2026-03-16,USD,12467.6,1121.0,168.15,250.0,120.0,1659.15
INV-2026-6020,BOL202601020,Evergreen,2026-02-15,EUR,26381.9,925.0,92.5,150.0,0.0,1167.5
INV-2026-6021,BOL202601021,Evergreen,2026-04-15,USD,15187.5,2309.0,270.0,550.0,0.0,3129.0
INV-2026-6022,BOL202601022,MSC,2026-02-07,EUR,22487.5,2153.0,258.36,100.0,160.0,2671.36
INV-2026-6023,BOL202601023,ONE,2026-06-10,USD,14308.6,1217.0,182.55,100.0,240.0,1739.55
INV-2026-6024,BOL202601024,ONE,2026-05-07,USD,16519.9,1788.0,202.0,850.0,0.0,2840.0
INV-2026-6025,BOL202601025,Evergreen,2026-03-31,USD,18875.3,1471.0,266.0,0.0,320.0,2057.0
INV-2026-6026,BOL202601026,CMA CGM,2026-05-22,EUR,22526.1,1499.0,162.0,100.0,240.0,2001.0
INV-2026-6027,BOL202601027,Maersk,2026-03-10,VND,16780.0,53875500.0,4998000.0,2450000.0,0.0,61323500.0
INV-2026-6028,BOL202601028,Maersk,2026-02-04,USD,19931.7,2199.0,204.0,0.0,0.0,2403.0
INV-2026-6029,BOL202601029,ONE,2026-02-19,USD,14014.2,2264.0,226.4,50.0,120.0,2660.4
INV-2026-6030,BOL202601030,CMA CGM,2026-03-29,USD,11119.0,627.0,62.7,150.0,360.0,1199.7
INV-2026-6031,BOL202601031,COSCO,2026-02-24,USD,25981.1,1448.0,300.0,0.0,200.0,1948.0
INV-2026-6032,BOL202601032,Maersk,2026-06-09,USD,25126.5,2593.0,163.0,50.0,280.0,3086.0
INV-2026-6033,BOL202601033,MSC,2026-05-21,USD,25728.4,849.0,101.88,0.0,120.0,1070.88
INV-2026-6034,BOL202601034,COSCO,2026-04-15,USD,12139.6,3315.0,397.8,350.0,120.0,4182.8
INV-2026-6035,BOL202601035,ONE,2026-01-22,USD,16610.6,2912.0,143.0,550.0,200.0,3805.0
INV-2026-6036,BOL202601036,CMA CGM,2026-05-01,USD,20385.6,2709.0,325.08,250.0,0.0,3284.08
INV-2026-6037,BOL202601037,MSC,2026-05-16,VND,23004.5,28028000.0,4875500.0,0.0,3920000.0,36823500.0
INV-2026-6038,BOL202601038,COSCO,2026-03-07,USD,15927.7,686.0,102.9,100.0,0.0,888.9
INV-2026-6039,BOL202601039,COSCO,2026-03-16,USD,20888.9,985.0,275.0,100.0,0.0,1360.0
INV-2026-6040,BOL202601040,Evergreen,2026-02-22,VND,13538.4,2119.0,270.0,100.0,0.0,2489.0
INV-2026-6041,BOL202601041,CMA CGM,2026-04-15,USD,21311.5,1922.0,289.0,0.0,40.0,2251.0
INV-2026-6042,BOL202601042,Evergreen,2026-05-05,VND,19105.6,925.0,92.5,0.0,160.0,1177.5
INV-2026-6043,BOL202601043,COSCO,2026-03-18,EUR,11040.8,2254.0,167.0,850.0,200.0,3471.0
INV-2026-6044,BOL202601044,Evergreen,2026-03-28,USD,20847.7,3255.0,269.0,250.0,160.0,3934.0
INV-2026-6045,BOL202601045,Maersk,2026-04-13,USD,20769.6,1597.0,297.0,0.0,120.0,2014.0
INV-2026-6046,BOL202601046,COSCO,2026-05-23,USD,20882.8,1978.0,237.36,200.0,120.0,2535.36
INV-2026-6047,BOL202601047,ONE,2026-06-02,USD,13592.8,2264.0,226.4,650.0,280.0,3420.4
INV-2026-6048,BOL202601048,ONE,2026-06-17,USD,16269.7,2760.0,236.0,0.0,280.0,3276.0
INV-2026-6049,BOL202601049,Maersk,2026-02-03,VND,16781.1,35451500.0,7276500.0,20825000.0,980000.0,64533000.0
INV-2026-6050,BOL202601050,MSC,2026-03-15,USD,11005.5,2033.0,304.95,0.0,0.0,2337.95
INV-2026-6051,BOL202601051,Evergreen,2026-06-04,USD,19480.5,3255.0,269.0,650.0,40.0,4214.0
INV-2026-6052,BOL202601052,COSCO,2026-04-01,USD,13813.7,3315.0,397.8,750.0,0.0,4462.8
INV-2026-6053,BOL202601053,Evergreen,2026-04-20,EUR,22412.0,927.0,92.7,200.0,0.0,1219.7
INV-2026-6054,BOL202601054,COSCO,2026-05-18,USD,16038.3,3315.0,397.8,0.0,0.0,3712.8
INV-2026-6055,BOL202601055,MSC,2026-02-24,USD,16909.4,3207.0,320.7,450.0,0.0,3977.7
INV-2026-6056,BOL202601056,Evergreen,2026-06-13,USD,16103.3,1076.0,161.4,200.0,80.0,1517.4
INV-2026-6057,BOL202601057,MSC,2026-03-20,EUR,17427.3,2266.0,226.6,650.0,280.0,3422.6
INV-2026-6058,BOL202601058,CMA CGM,2026-02-24,EUR,20812.4,1446.0,289.0,100.0,160.0,1995.0
INV-2026-6059,BOL202601059,Evergreen,2026-04-18,USD,10196.6,1866.0,186.6,0.0,280.0,2332.6
INV-2026-6060,BOL202601060,Maersk,2026-03-15,EUR,14100.6,474.0,196.0,100.0,280.0,1050.0
INV-2026-6061,BOL202601061,ONE,2026-05-16,VND,22752.4,74725000.0,6860000.0,0.0,1960000.0,83545000.0
INV-2026-6062,BOL202601062,MSC,2026-07-01,USD,20427.3,2358.0,145.0,50.0,280.0,2833.0
INV-2026-6063,BOL202601063,ONE,2026-06-09,USD,14938.8,2231.92,167.44,0.0,110.4,2509.76
INV-2026-6064,BOL202601064,Maersk,2026-02-01,USD,23739.2,882.0,132.3,0.0,40.0,1054.3
INV-2026-6065,BOL202601065,Maersk,2026-03-16,EUR,15464.8,474.0,196.0,100.0,280.0,1050.0
INV-2026-6066,BOL202601066,Maersk,2026-05-27,USD,19057.6,2199.0,204.0,200.0,0.0,2603.0
INV-2026-6067,BOL202601067,ONE,2026-05-15,USD,17268.8,618.0,92.7,200.0,0.0,910.7
INV-2026-6068,BOL202601068,Evergreen,2026-01-26,USD,17464.6,2371.0,170.0,0.0,120.0,2661.0
INV-2026-6069,BOL202601069,Evergreen,2026-04-27,USD,12947.9,2309.0,270.0,0.0,0.0,2579.0
INV-2026-6070,BOL202601070,Evergreen,2026-02-18,USD,14649.2,2654.0,191.0,450.0,200.0,3495.0
INV-2026-6071,BOL202601071,Maersk,2026-04-23,USD,13186.0,2199.0,204.0,0.0,0.0,2403.0
INV-2026-6072,BOL202601072,CMA CGM,2026-04-03,USD,18872.1,1488.0,245.0,0.0,0.0,1733.0
INV-2026-6073,BOL202601073,Evergreen,2026-03-12,USD,10335.9,2316.0,180.0,0.0,160.0,2656.0
INV-2026-6074,BOL202601074,COSCO,2026-02-25,USD,14881.2,3467.0,145.0,100.0,40.0,3752.0
INV-2026-6075,BOL202601075,ONE,2026-03-17,USD,11046.0,1131.6,113.16,598.0,0.0,1842.76
INV-2026-6076,BOL202601076,Evergreen,2026-03-14,USD,21109.7,2709.0,255.0,200.0,160.0,3324.0
INV-2026-6077,BOL202601077,MSC,2026-03-24,VND,19397.2,24892000.0,6835500.0,0.0,0.0,31727500.0
INV-2026-6078,BOL202601078,CMA CGM,2026-04-22,USD,23624.0,1645.0,262.0,850.0,200.0,2957.0
INV-2026-6079,BOL202601079,MSC,2026-03-14,USD,22656.0,1016.0,279.0,0.0,0.0,1295.0
INV-2026-6080,BOL202601080,COSCO,2026-06-09,EUR,20321.1,959.0,296.0,0.0,120.0,1375.0
INV-2026-6081,BOL202601081,CMA CGM,2026-06-13,USD,21399.8,1505.0,180.6,350.0,200.0,2235.6
INV-2026-6082,BOL202601082,Evergreen,2026-06-09,USD,16415.1,2316.0,180.0,250.0,0.0,2746.0
INV-2026-6083,BOL202601083,COSCO,2026-03-20,EUR,17233.3,823.0,209.0,50.0,0.0,1082.0
INV-2026-6084,BOL202601084,COSCO,2026-04-20,USD,19141.9,2880.0,409.5,50.0,160.0,3499.5
INV-2026-6085,BOL202601085,MSC,2026-02-15,EUR,14720.8,2153.0,258.36,0.0,0.0,2411.36
INV-2026-6086,BOL202601086,Evergreen,2026-06-17,USD,19938.0,1866.0,186.6,200.0,200.0,2452.6
INV-2026-6087,BOL202601087,Maersk,2026-05-22,EUR,17960.7,2293.0,183.0,50.0,0.0,2526.0
INV-2026-6088,BOL202601088,CMA CGM,2026-03-21,USD,20325.7,551.0,245.0,850.0,0.0,1646.0
INV-2026-6089,BOL202601089,Maersk,2026-04-05,USD,24825.7,1875.0,258.0,0.0,120.0,2253.0
INV-2026-6090,BOL202601090,MSC,2026-04-21,USD,15340.1,2033.0,304.95,0.0,80.0,2417.95
INV-2026-6091,BOL202601091,Evergreen,2026-04-16,USD,19664.5,3152.0,472.8,550.0,280.0,4454.8
INV-2026-6092,BOL202601092,MSC,2026-06-19,USD,23156.9,1086.0,137.0,150.0,280.0,1653.0
INV-2026-6093,BOL202601093,COSCO,2026-02-05,EUR,25828.4,1770.0,126.0,750.0,160.0,2806.0
INV-2026-6094,BOL202601094,MSC,2026-03-26,USD,13358.0,2901.0,290.1,150.0,280.0,3621.1
INV-2026-6095,BOL202601095,COSCO,2026-06-22,USD,17382.4,2997.0,299.7,100.0,0.0,3396.7
INV-2026-6096,BOL202601096,Maersk,2026-05-23,VND,17199.6,2811.0,337.32,0.0,40.0,3188.32
INV-2026-6097,BOL202601097,COSCO,2026-02-28,USD,21804.9,1143.0,114.3,650.0,320.0,2227.3
INV-2026-6098,BOL202601098,Maersk,2026-04-30,USD,16811.5,3231.0,203.0,450.0,280.0,4164.0
INV-2026-6099,BOL202601099,ONE,2026-06-16,VND,10371.8,67669000.0,3503500.0,20825000.0,0.0,91997500.0
INV-2026-6100,BOL202601100,Maersk,2026-03-10,USD,22786.3,2629.0,315.48,200.0,160.0,3304.48
INV-2026-6101,BOL202601101,MSC,2026-05-01,EUR,11019.3,2299.0,275.88,0.0,120.0,2694.88
INV-2026-6102,BOL202601102,CMA CGM,2026-02-24,USD,17224.6,1505.0,180.6,0.0,120.0,1805.6
INV-2026-6103,BOL202601103,Evergreen,2026-02-26,USD,10429.4,2466.0,180.0,0.0,160.0,2806.0
INV-2026-6104,BOL202601104,Evergreen,2026-04-07,USD,20553.1,1492.24,223.84,92.0,0.0,1808.08
INV-2026-6105,BOL202601105,Evergreen,2026-04-25,USD,23755.3,1492.24,223.84,46.0,110.4,1872.48
INV-2026-6106,BOL202601106,MSC,2026-02-20,USD,17652.0,924.0,92.4,50.0,40.0,1106.4
INV-2026-6107,BOL202601107,Evergreen,2026-02-27,EUR,23086.3,1969.0,270.0,200.0,0.0,2439.0
INV-2026-6108,BOL202601108,Maersk,2026-06-24,USD,18039.6,997.0,154.0,100.0,0.0,1251.0
INV-2026-6109,BOL202601109,CMA CGM,2026-03-13,USD,17131.7,1529.0,152.9,350.0,0.0,2031.9
INV-2026-6110,BOL202601110,MSC,2026-06-13,USD,24067.8,3051.0,290.1,100.0,280.0,3721.1
INV-2026-6111,BOL202601111,CMA CGM,2026-01-30,EUR,24095.9,1790.0,214.8,0.0,280.0,2284.8
INV-2026-6112,BOL202601112,MSC,2026-04-16,EUR,22959.8,2266.0,226.6,50.0,160.0,2702.6
INV-2026-6113,BOL202601113,COSCO,2026-03-20,USD,24573.3,2730.0,409.5,550.0,200.0,3889.5
INV-2026-6114,BOL202601114,Maersk,2026-02-24,USD,10698.6,2649.0,299.88,0.0,240.0,3188.88
INV-2026-6115,BOL202601115,Maersk,2026-06-14,EUR,11067.9,2086.0,208.6,550.0,40.0,2884.6
INV-2026-6116,BOL202601116,MSC,2026-06-06,USD,18845.2,2033.0,304.95,0.0,0.0,2337.95
INV-2026-6117,BOL202601117,ONE,2026-06-09,USD,12637.4,2762.0,143.0,250.0,0.0,3155.0
INV-2026-6118,BOL202601118,Evergreen,2026-05-20,USD,15498.5,2730.0,135.0,550.0,0.0,3415.0
INV-2026-6119,BOL202601119,CMA CGM,2026-05-03,EUR,24674.2,972.0,116.64,450.0,360.0,1898.64
INV-2026-6120,BOL202601120,Evergreen,2026-06-02,VND,11320.8,79968000.0,9596160.0,0.0,6860000.0,96424160.0
INV-2026-6121,BOL202601121,CMA CGM,2026-05-15,USD,14466.3,627.0,62.7,0.0,0.0,689.7
INV-2026-6122,BOL202601122,ONE,2026-02-18,USD,21009.7,618.0,92.7,0.0,0.0,710.7
INV-2026-6123,BOL202601123,CMA CGM,2026-01-31,USD,15729.4,1645.0,262.0,550.0,0.0,2457.0
INV-2026-6124,BOL202601124,MSC,2026-06-10,EUR,10764.1,2299.0,275.88,450.0,160.0,3184.88
INV-2026-6125,BOL202601125,Maersk,2026-02-27,EUR,17103.8,2293.0,183.0,0.0,0.0,2476.0
INV-2026-6126,BOL202601126,CMA CGM,2026-05-02,EUR,15994.3,1589.0,184.0,200.0,0.0,1973.0
INV-2026-6127,BOL202601127,MSC,2026-02-08,USD,23128.4,2033.0,304.95,250.0,120.0,2707.95
INV-2026-6128,BOL202601128,Maersk,2026-03-18,EUR,23287.2,2086.0,208.6,550.0,0.0,2844.6
INV-2026-6129,BOL202601129,CMA CGM,2026-02-11,USD,23050.0,1017.0,291.0,250.0,320.0,1878.0
INV-2026-6130,BOL202601130,ONE,2026-03-13,USD,16321.0,1743.0,191.16,0.0,0.0,1934.16
INV-2026-6131,BOL202601131,CMA CGM,2026-03-17,EUR,12777.9,972.0,116.64,450.0,120.0,1658.64
INV-2026-6132,BOL202601132,Evergreen,2026-02-05,USD,13521.5,2309.0,270.0,550.0,0.0,3129.0
INV-2026-6133,BOL202601133,ONE,2026-04-28,USD,14824.5,1593.0,191.16,100.0,0.0,1884.16
INV-2026-6134,BOL202601134,ONE,2026-06-11,EUR,11515.9,931.0,111.72,250.0,400.0,1692.72
INV-2026-6135,BOL202601135,CMA CGM,2026-05-03,EUR,20165.7,2285.0,228.5,0.0,320.0,2833.5
INV-2026-6136,BOL202601136,COSCO,2026-05-25,USD,19736.5,1121.0,168.15,100.0,160.0,1549.15
INV-2026-6137,BOL202601137,CMA CGM,2026-06-06,EUR,21274.1,1790.0,214.8,0.0,0.0,2004.8
INV-2026-6138,BOL202601138,MSC,2026-03-02,USD,16856.0,2358.0,145.0,350.0,0.0,2853.0
INV-2026-6139,BOL202601139,ONE,2026-02-08,EUR,14745.8,2838.0,283.8,50.0,0.0,3171.8
INV-2026-6140,BOL202601140,MSC,2026-02-05,USD,19569.2,1169.0,254.0,550.0,120.0,2093.0
INV-2026-6141,BOL202601141,CMA CGM,2026-03-02,EUR,22591.5,972.0,116.64,250.0,160.0,1498.64
INV-2026-6142,BOL202601142,MSC,2026-04-01,USD,21726.0,1016.0,279.0,0.0,0.0,1295.0
INV-2026-6143,BOL202601143,COSCO,2026-06-07,USD,20640.1,3244.0,324.4,450.0,240.0,4258.4
INV-2026-6144,BOL202601144,COSCO,2026-03-27,VND,12936.7,79478000.0,7947800.0,0.0,0.0,87425800.0
INV-2026-6145,BOL202601145,MSC,2026-05-26,EUR,10833.7,2266.0,226.6,0.0,0.0,2492.6
INV-2026-6146,BOL202601146,ONE,2026-02-15,USD,23299.5,1593.0,191.16,0.0,160.0,1944.16
INV-2026-6147,BOL202601147,COSCO,2026-02-21,USD,14983.4,3315.0,397.8,0.0,0.0,3712.8
INV-2026-6148,BOL202601148,MSC,2026-05-11,USD,14849.6,2911.0,124.0,200.0,240.0,3475.0
INV-2026-6149,BOL202601149,ONE,2026-03-19,USD,20203.6,618.0,92.7,150.0,80.0,940.7
INV-2026-6150,BOL202601150,ONE,2026-03-17,VND,18084.7,67669000.0,3503500.0,3675000.0,0.0,74847500.0
INV-2026-6151,BOL202601151,MSC,2026-05-24,USD,16838.4,899.0,222.0,450.0,80.0,1651.0
INV-2026-6152,BOL202601152,Evergreen,2026-06-11,USD,12811.2,1471.0,266.0,100.0,0.0,1837.0
INV-2026-6153,BOL202601153,CMA CGM,2026-05-26,USD,19696.4,2709.0,325.08,100.0,0.0,3134.08
INV-2026-6154,BOL202601154,CMA CGM,2026-05-26,USD,13034.0,2242.0,210.0,550.0,160.0,3162.0
INV-2026-6155,BOL202601155,CMA CGM,2026-05-10,USD,16653.1,627.0,62.7,550.0,120.0,1359.7
INV-2026-6156,BOL202601156,COSCO,2026-05-11,USD,25800.4,3253.0,267.0,150.0,0.0,3670.0
INV-2026-6157,BOL202601157,Maersk,2026-03-03,USD,12597.8,2163.0,259.56,0.0,480.0,2902.56
INV-2026-6158,BOL202601158,MSC,2026-05-03,USD,15890.9,849.0,101.88,450.0,200.0,1600.88
INV-2026-6159,BOL202601159,COSCO,2026-05-16,USD,10552.1,792.0,79.2,250.0,280.0,1401.2
INV-2026-6160,BOL202601160,CMA CGM,2026-01-31,EUR,17287.5,2285.0,228.5,0.0,80.0,2593.5
INV-2026-6161,BOL202601161,MSC,2026-03-30,EUR,21385.8,2153.0,258.36,50.0,280.0,2741.36
INV-2026-6162,BOL202601162,CMA CGM,2026-06-20,USD,13021.2,3022.0,239.0,0.0,200.0,3461.0
INV-2026-6163,BOL202601163,CMA CGM,2026-04-03,EUR,18531.2,1596.0,289.0,200.0,0.0,2085.0
INV-2026-6164,BOL202601164,ONE,2026-05-05,USD,19161.8,3193.0,225.0,750.0,0.0,4168.0
INV-2026-6165,BOL202601165,MSC,2026-04-05,USD,16367.5,1016.0,279.0,0.0,0.0,1295.0
INV-2026-6166,BOL202601166,COSCO,2026-05-27,USD,16669.5,3467.0,145.0,550.0,80.0,4242.0
INV-2026-6167,BOL202601167,Maersk,2026-03-08,EUR,21264.8,474.0,196.0,100.0,0.0,770.0
INV-2026-6168,BOL202601168,COSCO,2026-05-31,VND,23029.9,73426500.0,7342650.0,0.0,0.0,80769150.0
INV-2026-6169,BOL202601169,Maersk,2026-03-13,USD,24436.4,882.0,132.3,100.0,320.0,1434.3
INV-2026-6170,BOL202601170,CMA CGM,2026-02-21,USD,11994.9,2694.0,269.4,100.0,0.0,3063.4
INV-2026-6171,BOL202601171,CMA CGM,2026-06-24,USD,25232.0,3022.0,239.0,0.0,0.0,3261.0
INV-2026-6172,BOL202601172,ONE,2026-03-29,USD,22627.3,3262.0,201.0,0.0,40.0,3503.0
INV-2026-6173,BOL202601173,COSCO,2026-06-03,USD,18321.2,3467.0,145.0,850.0,120.0,4582.0
INV-2026-6174,BOL202601174,CMA CGM,2026-05-29,USD,15384.8,3022.0,239.0,650.0,40.0,3951.0
INV-2026-6175,BOL202601175,Evergreen,2026-04-17,USD,20641.3,1866.0,186.6,350.0,0.0,2402.6
INV-2026-6176,BOL202601176,Maersk,2026-05-01,VND,10049.4,67203500.0,3993500.0,3675000.0,6860000.0,81732000.0
INV-2026-6177,BOL202601177,Evergreen,2026-02-25,USD,23904.1,1866.0,186.6,550.0,40.0,2642.6
INV-2026-6178,BOL202601178,MSC,2026-05-09,USD,25092.5,749.0,222.0,150.0,160.0,1281.0
INV-2026-6179,BOL202601179,COSCO,2026-03-10,EUR,25320.8,1770.0,126.0,0.0,320.0,2216.0
INV-2026-6180,BOL202601180,Maersk,2026-04-24,USD,21773.0,2499.0,299.88,100.0,0.0,2898.88
INV-2026-6181,BOL202601181,COSCO,2026-06-06,USD,27901.7,1448.0,300.0,50.0,120.0,1918.0
INV-2026-6182,BOL202601182,COSCO,2026-02-24,EUR,13121.2,823.0,209.0,550.0,280.0,1862.0
INV-2026-6183,BOL202601183,MSC,2026-06-15,USD,22749.1,2901.0,290.1,550.0,320.0,4061.1
INV-2026-6184,BOL202601184,MSC,2026-06-24,VND,17140.6,2299.0,275.88,100.0,240.0,2914.88
INV-2026-6185,BOL202601185,MSC,2026-06-15,VND,12726.9,2286.0,251.0,550.0,0.0,3087.0
INV-2026-6186,BOL202601186,Maersk,2026-03-02,EUR,10467.5,2443.0,183.0,650.0,80.0,3356.0
INV-2026-6187,BOL202601187,CMA CGM,2026-04-07,USD,20654.9,811.0,81.1,0.0,320.0,1212.1
INV-2026-6188,BOL202601188,MSC,2026-03-11,USD,24908.5,1016.0,279.0,0.0,240.0,1535.0
INV-2026-6189,BOL202601189,ONE,2026-04-27,USD,21887.5,618.0,92.7,150.0,240.0,1100.7
INV-2026-6190,BOL202601190,COSCO,2026-06-25,EUR,13576.8,1770.0,126.0,50.0,0.0,1946.0
INV-2026-6191,BOL202601191,ONE,2026-02-19,VND,19475.2,79919000.0,4924500.0,8575000.0,0.0,93418500.0
INV-2026-6192,BOL202601192,CMA CGM,2026-06-24,EUR,15014.0,2285.0,228.5,200.0,360.0,3073.5
INV-2026-6193,BOL202601193,Maersk,2026-02-03,USD,23553.9,2593.0,163.0,100.0,160.0,3016.0
INV-2026-6194,BOL202601194,COSCO,2026-02-28,USD,10147.0,1978.0,237.36,100.0,0.0,2315.36
INV-2026-6195,BOL202601195,Evergreen,2026-04-11,VND,17292.6,927.0,92.7,50.0,0.0,1069.7
INV-2026-6196,BOL202601196,MSC,2026-02-06,USD,25845.4,1086.0,137.0,50.0,360.0,1633.0
INV-2026-6197,BOL202601197,COSCO,2026-06-28,EUR,13451.3,1630.0,260.0,550.0,80.0,2520.0
INV-2026-6198,BOL202601198,ONE,2026-02-15,USD,21468.3,2579.0,120.0,650.0,0.0,3349.0
INV-2026-6199,BOL202601199,ONE,2026-02-06,USD,21638.3,688.0,134.0,550.0,240.0,1612.0
INV-2026-6200,BOL202601200,Maersk,2026-03-01,USD,15398.6,2629.0,315.48,100.0,120.0,3164.48
INV-2026-6179-DUP,BOL202601179,COSCO,2026-03-11,EUR,25320.8,1770.0,126.0,0.0,320.0,2216.0
INV-2026-5866-DUP,BOL202600866,COSCO,2026-04-28,EUR,10450.4,823.0,209.0,0.0,40.0,1072.0
INV-2026-5102-DUP,BOL202600102,ONE,2026-05-11,EUR,22399.6,2838.0,283.8,550.0,280.0,3951.8
INV-2026-5440-DUP,BOL202600440,Evergreen,2026-06-07,USD,13372.5,3043.0,293.0,650.0,40.0,4026.0
INV-2026-5059-DUP,BOL202600059,Evergreen,2026-04-07,EUR,18209.4,1969.0,270.0,450.0,0.0,2689.0
INV-2026-6121-DUP,BOL202601121,CMA CGM,2026-05-16,USD,14466.3,627.0,62.7,0.0,0.0,689.7
INV-2026-5324-DUP,BOL202600324,CMA CGM,2026-05-31,USD,20211.1,627.0,62.7,200.0,0.0,889.7
INV-2026-5975-DUP,BOL202600975,Maersk,2026-02-21,EUR,19754.5,2811.0,337.32,750.0,160.0,4058.32
INV-2026-5412-DUP,BOL202600412,CMA CGM,2026-06-22,USD,17208.1,1505.0,180.6,200.0,240.0,2125.6
INV-2026-5856-DUP,BOL202600856,CMA CGM,2026-04-07,USD,11728.6,1488.0,245.0,200.0,240.0,2173.0
INV-2026-5821-DUP,BOL202600821,ONE,2026-04-16,USD,21837.7,3262.0,201.0,0.0,0.0,3463.0
INV-2026-5045-DUP,BOL202600045,COSCO,2026-03-25,EUR,10025.0,959.0,296.0,0.0,200.0,1455.0
INV-2026-5050-DUP,BOL202600050,MSC,2026-03-19,USD,17656.5,2911.0,124.0,650.0,120.0,3805.0
INV-2026-5850-DUP,BOL202600850,CMA CGM,2026-05-31,EUR,25979.6,1589.0,184.0,450.0,0.0,2223.0
INV-2026-5241-DUP,BOL202600241,ONE,2026-04-14,USD,11459.2,2579.0,120.0,0.0,0.0,2699.0
INV-2026-5171-DUP,BOL202600171,CMA CGM,2026-05-19,USD,25843.7,2709.0,325.08,50.0,320.0,3404.08
INV-2026-5524-DUP,BOL202600524,COSCO,2026-05-05,USD,12878.2,792.0,79.2,200.0,240.0,1311.2
INV-2026-5766-DUP,BOL202600766,Evergreen,2026-05-19,USD,10839.3,2504.0,191.0,0.0,0.0,2695.0
INV-2026-5839-DUP,BOL202600839,Evergreen,2026-06-08,USD,22688.9,3152.0,472.8,200.0,0.0,3824.8
INV-2026-5424-DUP,BOL202600424,COSCO,2026-02-10,EUR,11639.7,1920.0,126.0,550.0,240.0,2836.0
INV-2026-5381-DUP,BOL202600381,MSC,2026-01-31,USD,13429.4,1019.0,254.0,50.0,280.0,1603.0
INV-2026-5610-DUP,BOL202600610,CMA CGM,2026-02-26,VND,24496.6,47089000.0,7080500.0,0.0,1960000.0,56129500.0
INV-2026-5677-DUP,BOL202600677,MSC,2026-04-03,EUR,11831.4,2299.0,275.88,150.0,160.0,2884.88
INV-2026-5345-DUP,BOL202600345,CMA CGM,2026-01-31,EUR,23326.9,1446.0,289.0,0.0,0.0,1735.0
INV-2026-5110-DUP,BOL202600110,MSC,2026-04-09,USD,23247.2,2901.0,290.1,650.0,240.0,4081.1
